Name;Sex;Gen;Dates;Clan;Progeny;References
Dracian;;2 or 3;:~ -8000+;Ravnos;;[Gypsy] [CbR-R]
Absimilliard;;3;:~ -8000;Nosferatu;"Yima
Vasilisa (-12000 ?)
Abraxes
Nuckalavee
Gorgo
Echidna
Azazel
Melachoate
The Matriarch
?
Baba Yaga (-5000)";[Cb-N,pp13-16] [WoD1,p57] [CotI,p55] [VtM1] [DSBH] [TC4] [NoP] [CbR-Tz] [LS4]
Amriat;;maybe 3;:~ -8000;?;;[Gypsies]
Arikel;;3;:~ -8000;Toreador;"Amarantha
Beshter/Michael (-2149)
Iontius";[Cb-To] [CbR-To] [CbR-V,pp13,18] [CbR-As]
Ashur/Cappadocius;;3;:~ -8000+1444;Cappadocian;"Caias
Japheth (-7225)
Lameth (~ -6500)
Byzar/Mahatma
Lazarus (1st cent.)
Augustus Giovanni (1005)";[Cb-C] [GC1] [CF] [GC4] [RD]
Brujah;;3;:~ -8000+;True-Brujah;"Troile
Anis
Belit-Sheri";[Cb-Br,p14] [RD] [CbR-Tz]
Ennoia;;3;:~ -8000;Gangrel;"Matasuntha
Enkidu (~ -2700)";[Cb-Ga,p11] [CF] [KmW,p36] [Gypsy]
Haqim;;3;:~ -8000;Assamite;"?
ur-Shulgi (-2050)
Mancheaka";[BoN] [CN-As] [CbR-As]
Ishtar/Astarte/Inanna;;3;:~ -8000;Toreador;probably Minos;[CbR-To]
Lasombra/Typhon;;3;:~ -8000+1405;Lasombra;"Osiris (~ -4000)
Montano (~-1000)
Boukephos
Gratiano (~1100)";[CotI,pp39,47] [PGS] [GttS] [LS1] [CbR-V,p13]
Malkav/Mekhet;;3;:~ -8000;Malkavian;"Lamdiel
The Plague-Bride
Nissiku
The Eater";[Cb-M,pp17-18] [Cb-To] [CF] [Tb-CG] [JbN] [GFA] [CbR-V,p13]
Namrael the Enochite;;maybe 3;:~ -8000;?;;[MC]
Saulot/Zao-lat;;3;:~ -8000+1133;Salubri;"Rayzeel
Samiel
Yakov
Nergal/Shaitan (Baali)
Moloch (Baali)
Seker/Red Death (Baali)
Nahum ben Enosh (216)";[Cb-Sa] [CotI,p51] [TC4] [NoP] [CbR-M]
Tzimisce;;3;:~ -8000;Tzimisce;"Kartarirya
Gallod
Andeleon
Byelobog
Yorak
Dracon
Demdemeh";[CotI,p44] [NoP] [CbR-Tz]
Ventrue;;3;:~ -8000;Ventrue;"Arakur of Ur (~ -3000)
Medon
Veddartha
Aken Hoten (~ -1050)";[CbR-V] [DSBH]
Zapathasura/Dracian/Churka;;3;:~ -8000+june 1999;Ravnos;"Black Mother
Rakshasa
Chandraputo
Ravana
Ramessu
Hazimel";[ToTB] [LS3] [CbR-M] [CbR-R]
Black Mother/Marizhavashti Kali;;4;:~ -8000;Ravnos;"Phaedyme (-323)
Sybarites' founder";
Chandraputo;;4;:~ -8000;Ravnos;;
Rakshasa;;4;:~ -8000;Ravnos;;
Ramessu;;4;:~ -8000;Ravnos;;
Ravana;;4;:~ -8000;Ravnos;;
Vasilisa;;4;:-12000 ?;Nosferatu;;[NoP]
Japheth (The Capuchin?);;4;-7248:-7225+1444;Cappadocian;"Constancia
Alara";[GC1,p82] [Cb-C] [Cb-Gi] [GttC]
Lameth (Lamech), the Dark Messiah, aka. Dirk McCann;;4;~ -6500;Cappadocian;;[RD]
Baba Yaga, The Cannibal Hag, The Iron Hag;;4;:-5000+2000;Nosferatu;"Gutka (-2006)
Melitta Wallenberg (~1000)
Sergei Voshkov (1991)";[WoD1,p57] [RaR] [NoP] [CotI,p55] [TbN,p87] [CbR-N]
Moloch;;4;:~ -4500;Baali;Annazir (12th cent. BC);[Cb-Ba]
Red Death/Seker;;4;:maybe ~ -4500;Baali;three childer;[RD]
Shaitan/Adriel (Huitzilopochtli);;4;-4520:-4500;Baali;Nezahualcoyotl;[CF,p118] [Cb-Ba]
Set/Sutekh;;3;:maybe -4000;Setite;"Nakhthorheb
Seterpenre
Maatkare
Ta-urt
Kemintiri (~-1300)
Nefertiti (-1032)
Nephthys";[Mummy] [BbN,p116] [KmW,pp87-91] [NoP] [CbR-M] [CbR-V,p13]
Osiris;;4;:~ -4000+~ -3000;Lasombra;Khetamon (~ -3000);[Mummy1] [HH]
Arakur of Ur;;4;+;Ventrue;Tiamat (~ -3000);[BHDB,p20]
Urlon of Uruk;;4 or 5;+~ -3000;Gangrel;;[BHDB,p21]
Troile;;4-3;:maybe -3000;Brujah;"Menele (-1200)
probably Hannibal (-182)";[Cb-Br,p14] [CbN2,p62] [DSBH]
Tiamat;;5-4;:~ -3000;Ventrue;Gotsdam (87);[BHDB,pp19-25]
Khetamon - Grand Undying King;;5;:~ -3000;Lasombra;;[Mummy1,pp64-65] [HH]
Enkidu aka. Sabrina;;4;:~ -2700;Gangrel;;[KmW,pp33-36]
Beshter/Michael;;4;age early 20s:-2149+1204;Toreador;"Petronius (65)

probably Enimachia
Anthemios of Tralles (539)
Pakourianis the Dove (567)
Paul Bathalos (750)";[CobN,p104] [CN-Tz] [TC2] [CbR-Tz]
ur-Shulgi;;4;:-2050;Assamite;Al-Ashrad (~100);[CotN,p89] [NoP] [CN-As] [CbR-As]
Gutka, Salt Queen;;5;-2070:-2006;Nosferatu;;[TbN,p87] [NoP]
Anaduk;;6;;Baali;probably Ma-ri-ah (-1800);
Mary the Black/Ma-ri-ah;;7-5;:-1800;Baali;;[CobN,p87] [Cb-Ba,p67]
Smenkhara;;4;;Ravnos;Ankla Hotep (-1727);[BbN,p120]
Ankla Hotep;;5;:-1727;Ravnos;;[BbN,pp16,101,120]
Nehsi;;5;:-1663;Setite;Kay'tall;[CobN,p93]
Kothar;;6;:before 1000 BC;Nosferatu;Ephraim (-722);[JbN,p89]
Mezekht;;6;;Brujah;Khentik-Khert (-1380);[AK,p84]
Khentik-Khert;;7;:-1380;Brujah;;[AK,p84]
Neferu;;5;:-1352;Setite;Sobek (850);[GC3]
Kemintiri;;4;:~-1300;Setite;;[KmW,pp87-91]
Veddartha;;4;;Ventrue;"Mithras (-1258)
Maltheas (554)";[WoD1,p32] [TC2,p99] [ToTB]
Mithras;;4 or 5-4;-1235:-1258+~1993;Ventrue;"Duke Amber (701)  Duchess Amber (701)
Marcus(800)";[WoD1,pp31-32] [WoD2]
Minos;;4;+~ -1200;Toreador;Helena (-1207);[CbN1] [CbN2,p111]
Helena;;5-4;-1233:-1207;Toreador;"Eletria (-86)
Melinda Galbraith (1143)
Maria
Villon (1230)";[CbN1] [CbN2,p111] [NoP]
Meneleus/Menele;;4;-1240:-1200;Brujah;"Critias (-423)
Clear Brook";[CbN1] [CbN2,pp62-64] [GttC]
Altamira;;5;:~-1200;Brujah;Maxwell (1755);[CbN2,pp62,69]
Esmeralda;;5;-1226:-1200;Ravnos;;[Cb-R]
Annazir;;5;:12th cent. BC;Baali;;[VN]
Elimelech the Twice Damned;;4;:~-1100;Malkavian;;[CotN]
Elsh/Zaaru-Heyan;;6;-1125:-1079+1555;Toreador;;[JbN,p102]
Aken Hoten;;4;:~-1050;Ventrue;;[web]
Nefertiti;;4;:-1032;Setite;Aabt Kindred;[BbN,p116]
Montano (Ontai);;4;:~ -1000;Lasombra;;[CotI,p47] [GttS] [Cb-L]
Abd-Ar-Rahman;;5;;Malkavian;Jacob - Esau (-750);[MibN]
Jacob - Esau;;6;:-750;Malkavian;Jason (1903);[MibN]
Ephraim;;7;-870:-722;Nosferatu;Hannah (1180);[JbN,p91]
Sophoniba;;6;:7th Century BCE;Toreador;;[VN]
Abraham;;5;:before 500BC;Cappadocian;"Theophilis
Adam (813)";[JbN,p72]
The Matriarch, Medusa, The Gorgon;;4;;Nosferatu;Urgahalt (-566);[Cb-N] [CbR-N] [RD2]
Urgahalt;;5;:-566;Nosferatu;Phantomas (-53);[RD1]
Stalest Coursain;;6;-574:-552;Ventrue;;[DAV,p98]
Qufur Am-Heru;;4 or 7;:-525;Setite;;[CotN]
Elihu;;5;:~ -450+;Ventrue;Rebekah (12);[CbN2,p145]
Critias;;5;-478:-423;Brujah;"Procet
Germaine (1792)
Damien (1962)";[CbN1] [CbN2,pp64-67] [KmW,p65] [Cb-Br,pp9-11]
Cybele;;maybe 5;+;Baali;Petaniqua (-336);[KmW,pp81-82] [Cb-Ba,p66] [CbR-M]
Fariq;;6;age early 30s:4th century BC;Assamite;;[TbN,p57] [TC2] [TC3] [TC4,p83]
Ahmal;;7;:4th century BC;Assamite;Husayn Al Fatin (1086);[TbN,p60] [TC3]
Lyle;;6;-371:-342;Ventrue;;[DAV,p99]
Petaniqua;;maybe 6-5;~-360:-336;Baali;;[KmW,pp81-85] [Cb-Ba]
Tegyrius;;5;:-330;Assamite;;[CbR-As]
Byzar/Mahatma;;4;;Cappadocian;Alexia Theusa (-309);[CobN] [PG2,p121] [GttC] [CotN]
Phaedyme;;5;:-323;Ravnos;Marcia Felicia Licinia;
Necross;;5;~-350:-320;Malkavian;;[DAV,p92]
Alexia Theusa;;5;:-309;Cappadocian;;[CobN]
Bindusara;;6;:-273;Ventrue;Valerius (1066);[DSBH] [Cb-V]
Dominic;;6;early 30s:3rd century BC;Brujah;;[TbN,p60] [TC3] [TC4,p84] [CbR-V]
Azif;;6-4;-270:-230;Brujah;"Yusuf (1167)
Jared (1189)";[JbN,p68]
Lerterimas;;4;;Malkavian;Louhi (-200);[WoD1,p56]
Hannibal;;4;:-202;Brujah;Guillaume (515);[WoD1,p56]
Louhi;;5;-292:-200;Malkavian;;[WoD1,pp56,48] [WoD2]
Yael;;9;:around 200 BC;Salubri;;[Cb-Sa,p40,64]
Gnaeus;;6;;Ventrue;Junius (-149);[VN]
Alexander;;4;;Ventrue;Gaius Marcellus (-146);[VDA] [LS1] [AK]
Brunhilde;;6;-173:-150;Gangrel;;[WoD1,p55] [WoD2] [CotN] [Cb-Ga]
Junius;;7;:-149;Ventrue;;[VN]
Gaius Marcellus;;5;-169:-146;Ventrue;Doran (1471);[NObN,p17]
Ghede;;6;:-100;Setite;Ezuli (~1300);[NObN,p81] [AC,p43] [Cb-Se,p64]
Eletria;;5;-114:-86;Toreador;;[CbN2,p113]
Vancouver Methuselah;;4;;Gangrel;Mictlantecuhtli (-51);[ADM] [DAV,p85]
Varros Dominus (Phantomas, The Phantom of the Opera);;6;:-53;Nosferatu;;[RD1]
Mictlantecuhtli;;5-4;-67:-51;Gangrel;;[ADM] [DAV,p85]
Mariella;;maybe 5;+-30;Toreador;;
Sha'hiri;;4;1493;Assamite;Thetmes (-25);[LS3,p62] [Cb-As] [CotN] [CbR-As]
Lucian;;8;-100:-40;Gangrel;Mark Decker (1777);[VtM2,pp251-252] [MibN]
Thetmes;;5;:-25;Assamite;"Elijah Ahmed (7th century)
Fatima Al-Faqadi (1102)";[Cb-As,p64] [CbR-As]
Viktor;;6;-30:-3;Gangrel;;[RaR,p91] [NoP]
Sybil;;4;;Lasombra;Marcus Vitel (31);[DCbN,p86]
Rebekah;;6-5;-9:12;Ventrue;;[CbN1] [CbN2,p145] [PG2,p125] [GttC] [CotN]
Bhallaire;;6;+~50;Nosferatu;Aine (47);[WoD1,p30]
Lazarus;;4;:early 1st cent.;Cappadocian;Lamia (who founded the Bloodline);[WoD2] [Cb-C] [Cb-Gi] [GttC] [CN-Gi]
Marcus Vitel, alias Lucius Aelius Sejanus;;5;~-5:31+2 nov 1999;Lasombra;Monica Black (1970);[DCbN,pp84-86] [CN-Tz] [CN-Br]
Camilla;;maybe 6;64;Ventrue;;[Cb-V] [CbR-M] [CbR-V]
Magnus;;5;65;Ventrue;;[web]
"Aine ""Black Annis""";;7-6;19:47;Nosferatu;;[WoD1,p30]
Caius Augustus;;6;5:48;Nosferatu;;[HoD]
Theophilis;;6;;Cappadocian;Marcus (70);[JbN,p74]
Ectoris;;7;;Lasombra;Magnus (76);[CobN,p96]
Gaius Cassius;;9;;Ventrue;Lucius Trebius Rufus (79);[JbN,p113]
Thaddeus;;6;22;Nosferatu;;[AH]
Petronius;;5;35:65;Toreador;;[CobN,p105]
Under Paliuro domination.;;7;40:70;Cappadocian;;[JbN,p73]
Yacoub;;7;;Nosferatu;Moussa ibn Yacoub (93);[VN]
Magnus;;8;35:76+1204;Lasombra;"Sarah (402)
Peter (407)";[CobN,p96]
Lucius Trebius Rufus;;10;30:79+Anarch Revolt;Ventrue;"Leucruy of Provence (570)
Vicelin of Marseilles (1092)";[JbN,p112]
Gotsdam;;5;63:87;Ventrue;Dylan (1944);[BHDB,p38] [KmW,p49]
Marcus Sextus, Esemkofu, The Egyptian;;5;1st cent.+483;Gangrel;Inyanga (483);[CbN2,p85] [CbR-Ga]
Moussa ibn Yacoub;;8;:93;Nosferatu;;[VN]
Al-Ashrad;;5;:~100;Assamite;Amaravati;[Cb-As,p65] [CotN,p87] [CN-As] [CbR-As]
Kay'tall;;6;-20:104+1203;Setite;;[CobN,p93]
Marcus;;5;;Malkavian;Octavio (134);[TbN,p80] [TC3]
Trajan;;5;:maybe around 120;Nosferatu;Powell;[DC,pp29,32] [LAbN,p102]
Octavio, Herald of the Demon;;6;:134+1710;Malkavian;;[TbN,p79] [TC1,p81] [TC3] [CN-M]
Shaagra;;5;100:152;Tzimisce;;[TbN,p115] [TC2] [CbR-Tz]
Tribonius;;6;1185;Brujah;"Theophilus (234)
Dorotheus (234)
Natalya (1002)";[CobN,p88]
Iulus Rufus Naso;;maybe 5;:~215;Toreador;;[AK,p122]
Nahum ben Enosh;;4;150:216;Salubri;;[JbN,p98]
Dorotheus;;7;165:234;Brujah;;[CobN,p89]
Theophilus;;7;165:234;Brujah;;[CobN,p89]
Suleiman ibn Abdullah;;7;:299;Lasombra;;[VN]
Enasius;;7;;Toreador;Gallasyn (324);[CobN,p106]
Pharnabazus;;7;;Lasombra;Mania (324);[VN]
Antonius;;4;796;Ventrue;"Caius (325)
Belisarius (566)
Septima Dominica";[CobN,p26]
Gallasyn;;8;295:324;Toreador;;[CobN,p106]
Mania;;8;:324;Lasombra;;[VN]
Caius;;5;260:325+1204;Ventrue;Epirus (604);[CobN,p111]
Demtius;;5;;Malkavian;Gregorius Dimities (367);[CobN,p99]
Brahina;;4;;Malkavian;Unmada (369);[TC2,p93]
Madame Cloaca;;7;:356;Nosferatu;;[CG2]
Regulus;;6;+~400;Ventrue;Siegfried (378);[DAV,p97]
Marius;;7;+;Ventrue;"Hrothulf (380)
Gracis Nostinus (412)";[MibN]
Gregorius Dimities;;6;320:367+1204;Malkavian;;[CobN,p99]
Unmada;;5;:369;Malkavian;Vasantasena (~1000);[CotI,p29] [Cb-M,p18] [TC2,p93] [CbR-M]
Siegfried;;7-6;356:378;Ventrue;;[DAV,p97]
Kyros of Antioch;;5;;Cappadocian;Amalia of Thrace (400);[TbN,p68]
Hrothulf;;8-7;:380;Ventrue;Chiclena (16th century);[MibN]
Etheria;;6;360:395;Brujah;Boniface (462);[JbN,p70]
Amalia of Thrace;;6;age early 20s:400+15th cent.;Cappadocian;;[TbN,p67]
Sarah The Chaste;;9;385:402;Lasombra;;[CobN,p98]
Peter The Humble;;9;370:407+1204;Lasombra;;[CobN,p98]
Hedeon Yaroslavich;;5;382:412;Tzimisce;Elica;[WoD2]
Gracis Nostinus;;8;:412;Ventrue;;[MibN]
Pard;;5;;Gangrel;Arnulf the Beast (446);[TbN,p70]
Arnulf the Beast;;6;age early 30s:446+around 1490;Gangrel;"Iolanta of Nieplomice (1002)
Mitru the Hunter (1190)";[TbN,p69] [TC2] [TC3]
Enimachia;;5;;Toreador;Darshuf (478);[VN]
Sallam;;6;;Ravnos;Es'kut (478);[VN]
Boniface;;7;410:462;Brujah;;[JbN,p66]
Darshuf;;6;:478;Toreador;Mannal (878);[VN]
Es'kut (The Silent);;7;:478;Ravnos;;[VN]
Inyanga;;6;440:483;Gangrel;"Jesse ""Twin Hawk"" (1765)
Doyle Fincher (1889)";[CbN1] [CbN2,pp84-86] [CbR-Ga]
Guillaume;;5;:515;Brujah;;[WoD1,pp49,56] [WoD2]
Rhun of Tintagel;;6;;Gangrel;"Art Morgan (550)
Xavier de Calais (1356)";[DCbN] [CotN]
Sarrasine;;7-6;527:532;Setite;Jacques Talbott;[CobN,p94] [WoD2] [RaAu] [Cb-Se] [LS3]
Tamarind;;7;;Assamite;Karim (552);[VN]
Anthemios of Tralles;;5;500:537;Toreador;;[CobN,p105]
Verias;;7;;Brujah;Lady Karin (563);[CoW,p37]
Art Morgan;;7;520:550;Gangrel;;[DCbN,p49]
Karim;;8;:552;Assamite;;[VN]
Maltheas;;5;520:554;Ventrue;;[TC2] [GttC]
Constantius;;5;;Lasombra;Narses (579);[TP,p139,148]
Pelagon;;5;;Assamite;Hilel al-Masaari (580);[VN]
Lady Karin;;8;540:563+1197;Brujah;Lord Alfred (1195);[CoW,p37]
Belisarius;;5;500:566;Ventrue;Helena The Armenian (1081);[CobN,113]
Pakourianis the Dove;;5;545:567;Toreador;;[CobN,p105]
Leucruy of Provence;;11;540:570+Anarch Revolt;Ventrue;;[JbN,p114]
Narses;;6;~478:579;Lasombra;"Alfonzo of Venice (895)
Magdalena Castellucci Borcellino";[CobN,p97] [CH,p57] [JbN,p83]
Hilel al-Masaari;;6;:580;Assamite;;[VN]
Septima Dominica;;5;1001;Ventrue;"Nicepherus (604)
Ducas (836)";[CobN,p27]
Bashir;;5;;Ravnos;"Varshik (610)
Sallam";[JbN,p94]
Dark Raven;;5;;Brujah;Bjorn Garrison (621);[DCbN,p45]
Epirus;;6;:604+1185;Ventrue;;[CobN,p30]
Nicepherus;;6;570:604;Ventrue;;[CobN,p114]
Icarus The Fool;;8;;Ravnos;Gregory (626);[CobN,p102]
Varshik;;6;575:610;Ravnos;"Unknown
Etienne de Fauberge (1099)
Yasmina (1143)";[JbN,p94] [LS4]
Ionna;;maybe 7;:early 7th cent.;Toreador;;[WoD2]
Bjorn Garrison;;6;589:621;Brujah;;[DCbN,pp45-46]
Gregory;;9;595:626;Ravnos;;[CobN,p102]
Dimitri;;8-4;:~650;Malkavian;Killikillarven (1145);[SC]
Elijah Ahmed;;6;:7th century+july 1999;Assamite;;[CN-As]
Odoin;;7;;Gangrel;Al-Wali (672);[VN]
Masser;;5;;Toreador;Barqat (689);[VN]
Al-Wali (Beast of Cordoba);;8;:672;Gangrel;;[VN]
Baradiel;;?;;Salubri;Scatha-Columbkille (700);[Cb-Sa,p15]
Dracon;;4;;Tzimisce;"Gesu (701)
probably Keeper of the Faith";[CobN,p108] [CbR-Tz]
Jabar;;6;;Brujah;Usama ibn Jabar (705);[VN]
Barqat;;6;:689;Toreador;;[VN]
Wasim;;5;;Assamite;Karif al-Numair (717);[TC2,p89]
Enrico;;6;;Lasombra;Paliuro Rustucci (717);[JbN,p81]
Scatha-Columbkille;;?;:700;Salubri;;[Cb-Sa,p15]
Duchess Amber;;5;:701;Ventrue;;[GC2]
Duke Amber;;5;:701;Ventrue;;[GC2]
Gesu;;5;680:701;Tzimisce;Symeon (703);[CobN,p108] [CbR-Tz]
Symeon;;6;682:703+~1550;Tzimisce;Vykos (1002);[CobN,p109] [CN-Tz] [CbR-Tz]
Usama ibn Jabar;;7;:705;Brujah;;[VN]
Karif al-Numair;;6;:717;Assamite;;[TC2,p88] [TC3]
Paliuro Rustucci;;7;683:717;Lasombra;Pacifico Grillati (980);[JbN,p79]
René Le Comte;;8;:726;Toreador;;[VtM-R, non-licence character]
Abd al-Haqq;;7;;Toreador;"Shamit ibn Yasir (749)
Sakan (1179)";[VN]
Gabriel Chavez;;7;704:729+1500;Assamite;;[JbN,p62]
Shamit ibn Yasir;;8;:749;Toreador;;[VN]
Paul Bathalos;;5;722:750;Toreador;;[CobN,p106]
Shabah;;6;740:762+~1400;Assamite;;[CobN,p86]
Thelonius;;8;:780+;Nosferatu;Melmoth (823);[VtM-R, non-licence character]
;;4;;Nosferatu;"Alexius
Tarique (807)";[WoD2]
Odin, The All-High;;4;;Gangrel;Ulfsdottir (808);[LS3,p21] [WotS,p99] [CbR-Ga]
Marcos;;7;;Lasombra;Bard (809);[VN]
Orpheus;;6;;Salubri;Achmet the Dreamer (813);[CobN,p116]
Tarique al-Hajji;;5;:807;Nosferatu;Vizier Mazen (first progeny);[WoD2] [VN]
Ulfsdottir;;5;:808;Gangrel;;
Bard;;8;:809;Lasombra;;[VN]
Arnulf Jormungandrsson;;7?;793:810;Setite;;[WotS,p101]
Malthias;;6;;Ventrue;Nicholas (832);[CoW,p35]
Adam;;6;780:813+15th cent.;Cappadocian;;[JbN,p75]
Achmet the Dreamer;;7;807:813+1198;Salubri;Aisha bint Wahiba;[CobN,p116]
Flavius Petrus Fortunatus;;7;785:815;True-Brujah;Cammy True (2000);
Qusay ibn Namdar;;6;;Assamite;Habiba Al-Sikkeen (842);[JbN,p65]
Vasilli the Penitant Dog;;6;;Nosferatu;Maleki (842);[CobN,p100]
Melmoth;;9;:823;Nosferatu;;[VtM-R, non-licence character]
Nicholas;;7;800:832;Ventrue;;[CoW,p35]
Yoav;;6;;Brujah;Gerushah bint Yoav (854);[VN]
Ducas;;6;785:836;Ventrue;Anna Comnena (1153);[CobN,p115]
Habiba Al-Sikkeen;;7;815:842;Assamite;Rashid Ibn Musafir (1099);[JbN,p63]
Malachite/Maleki;;7;820:842;Nosferatu;The Three (1096);[CobN,p100]
Count Jocalo;;6;:845;Setite;Glycon (1169);[GC3] [TC3]
Pazia;;?;:Empress Theodosia Reign;Salubri;;[Cb-Sa,p28]
Sobek;;6;:850;Setite;;[GC3]
Antonio DeFigio;;6;;Baali;Giotto Verducci (874);[FBC,p30]
Gerushah bint Yoav;;7;:854;Brujah;;[VN]
Kosczecsyku;;5;;Tzimisce;Vladimir Rustovitch (876);[TbN,p117]
Giotto Verducci;;7;:874;Baali;;[FBC,p30]
Vladimir Rustovitch;;6;age late 30s:876;Tzimisce;;[TbN,p117] [TC3] [GttS] [CbR-Tz]
Raid;;9;;Nosferatu;Nahd ibn Raid (896);[VN]
Mannal;;7;:878;Toreador;;[VN]
Baron Hredel;;7;;Ventrue;Rudolf Brandl (899);[TbN,p103]
Kostbera;;9;;Gangrel;Eirik Longtooth (903);[AT]
Philippe de Margaux;;maybe 7;:894;Ventrue;;[CbR-V]
Bishop Alfonzo of Venice;;7;850:895;Lasombra;;[CobN,p97]
Nahd ibn Raid (Immortal 'Udul);;10;:896;Nosferatu;;[VN]
Rudolf Brandl;;8;878:899+;Ventrue;;[TbN,p102] [VtM-R]
Lord Camden;;6;;Cappadocian;Maria Asuncion (920);[TC3] [Cb-C]
Genevieve;;?;:900;Salubri;;[Cb-Sa,p21]
Eirik Longtooth;;10;:903;Gangrel;3 childer;[WotS,p100] [AT]
Jedrik;;5;;Tzimisce;Razkoljna (930);[TbN,p120]
Nagat;;7;;Setite;Abdullah Al-Sathaja (930);[JbN,p102]
Rodina;;4;;Ravnos;Durga Syn (932);[CotI]
Felice de Berengar;;8;:914;Lasombra;;[CH,p58]
Isabelle;;7;;Lasombra;Bishop Gabriella of Genoa (936);[CobN,p98]
Basilio The Elder;;7;age 30s:920+Inquisition;Lasombra;;[TbN,p75]
Maria Asuncion, Fate's Pawn;;7;:920;Cappadocian;;[TC3]
Khayrat;;8;;Cappadocian;Ishaq ibn Khayrat (946);[VN]
Razkoljna;;6;910:930+Anarch Revolt;Tzimisce;;[TbN,p119] [CbR-Tz]
Abdullah Al-Sathaja;;8;895:930+1234;Setite;;[JbN,p101]
Durga Syn (Synovea);;5;857:932;Ravnos;;[CotI,p55] [WoD2] [RaR] [GC1,p23]
Heinrich of Volstag;;5;;Ventrue;Bulscu (955);[TbN,p99]
Bishop Gabriella of Genoa;;8;898:936;Lasombra;;[CobN,p98]
Juan Antonio Ramirez y Alvarez de Santiago;;7;;Lasombra;Liseta Iluminada (960);[TbN,p77]
Harlequin;;6;;?;Ublo-Satha (963);[CbN2,p122]
Ungol;;6;;Cappadocian;Kazimierz the Silent (965);[TbN,p67]
Ishaq ibn Khayrat;;9;:946;Cappadocian;;[VN]
Hardestadt the Elder;;5;904:947+1395?;Ventrue;"Hardestadt the Younger (1191)
Heinz Eulau";[CotI,p21] [GC1] [web] [GttC] [CbR-V] [CbR-Tz]
Scendrak;;5;;Gangrel;Milov Petrenkov (974);[TC2,p91]
Bulscu;;6;age late 40s:955+;Ventrue;"Zombar
Geza Arpad (992)
Vencel Rikard (1013)";[TbN,p97] [TC2] [TC3]
Liseta Iluminada;;8;944:960;Lasombra;;[TbN,p75]
Jezebel;;9;;Setite;Shahara al-Rashwa (980);[JbN,p100]
Talios, The Black Patriarch;;7;;Toreador;Remus (982);[CoW,p39]
Count Dunlop;;6;:963;Gangrel;"Arthur Dunlop (963)
Richard Dunlop (963)
William Dunlop (963)";[GC3]
Arthur Dunlop;;7;:963;Gangrel;;[GC3]
Richard Dunlop;;7;:963;Gangrel;;[GC3]
Ublo-Satha;;7;:963;Gargoyle;;[CbN2,p122]
William Dunlop;;7;:963;Gangrel;;[GC3]
Kazimierz the Silent;;7;925:965+17th cent.;Cappadocian;;[TbN,p65]
Milov Petrenkov;;6;948:974;Gangrel;;[TC2,p91] [GC1,pp56,58] [GC2,p18] [CbR-Ga]
Pacifico Grillati;;8;940:980;Lasombra;;[JbN,p81]
Shahara al-Rashwa;;10;960:980;Setite;;[JbN,p100]
Remus;;8;945:982+1197;Toreador;;[CoW,p39]
Thakkur;;9;;Ravnos;Harvinder al-Cambay (1002);[VN]
Geza Arpad;;7;age late 50s:992;Ventrue;;[TbN,p99]
Melitta Wallenberg;;5;:~1000;Nosferatu;Ellison Humboldt (1532);[BbN,p52,84] [BC3]
Velya the Flyer/Elaine Cassidy;;5;:<1000;Tzimisce;;[Cb-Tz] [CotN] [CbR-Tz]
Hannibal;;6;;Nosferatu;Zelios (1020);[TbN,p85] [TC2] [TC3]
Ollam-Onga;;6;:~1000;Setite;;[WoD2]
Vasantasena;;6;:~1000;Malkavian;;[CotI,p29] [Cb-M,pp19,62] [TC2,p93] [CbR-M]
Theodora;;7;;Ventrue;Basil (1021);[CobN,p116]
Hassan abu Khalid;;8;+;Malkavian;Al-Hakim (1021);[JbN,p86]
Kazi (one of The Triplets);;9;age 29:1001;Ventrue;;[VtM-R, non-licence character]
Teta (one of The Triplets);;9;age 29:1001;Ventrue;;[VtM-R, non-licence character]
Zil (one of The Triplets);;9;age 29:1001;Ventrue;;[VtM-R, non-licence character]
Myca/Sascha Vykos aka. Caine's Angel or The Chameleon;;7-6;976:1002;Tzimisce;;[CotN] [GC3] [CobN,p111] [GttS] [TC1] [TC2] [TC3] [TC4] [CN-Tz] [CN-An] [web VDA] [web VtM] [CN-Br] [CbR-Tz]
Iolanta of Nieplomice;;7;984:1002+~1550;Gangrel;;[TbN,p70]
Natalya Svyatoslav;;7;975:1002;Brujah;;[CobN,p88]
Harvinder al-Cambay;;10;:1002;Ravnos;;[VN]
Augustus Giovanni;;4-3;945:1005;Giovanni;Claudius Giovanni (1035);[PG2] [Cb-Gi] [Cb-V] [DSBH] [GC1,pp82-83] [EF] [RD]
Josef von Bauren;;6;945:1006;Nosferatu;;[GC1,p59] [GC2,p19] [GttC] [TC2,p94]
Lord Bajazet Al-Nasir;;6;976:1011;Assamite;;[GC1,p49]
Vencel Rikard;;7;age mid 30s:1013;Ventrue;;[TbN,p105] [TC2] [TC3]
Sharbel;;9;;Assamite;Myrsus ibn Sharbel (1039);[VN]
Zelios;;7;age early 30s:1020+1999;Nosferatu;Marusca (1110);[TbN,p83] [TC1,p83] [TC2,p95] [TC3] [TC4,p89] [CbR-N] [CbR-Tz]
Al-Hakim;;9-8;970:1021;Malkavian;;[JbN,p85]
Basil of Thessalonika;;8;973:1021;Ventrue;;[CobN,p116]
Tremere;;5-3;~700:1022;Tremere;;[Cb-Tr,p63] [CotI,p51] [RD] [TbN,p126] [TC1,p85] [TC4,p93] [NoP] [BM]
Calderon;;5-4;:1022;Tremere;;[HoT]
Etrius;;5-4;age mid 30s:1022;Tremere;"Mendacamina (1023)
Celestyn (1039)
Anastasia
Filaereus
Peter Spizzo";[CotI,p51] [Cb-Tr,p64] [TC1,p85] [TC4,p93] [BC1] [VtM-R] [HoT] [BM]
Goratrix;;5-4;age early 30s:1022;Tremere;"Epistatia (1022)
Therimna (1026)
Malgorzata (1097)
Orlando Oriundus";[Cb-Tr,p68] [TC1,p85] [TC2] [TC4,p93] [NoP] [CN-Tr] [CN-An] [BM] [CbR-Tz] [HoT]
Meerlinda;;5-4;:1022;Tremere;"Abetorius (1103)
Geraint de Montfort
probably John Dee (1608)
John Diamond (late 18th cent.)
maybe Dulcis
Giles Corey";[Cb-Tr,p65] [NoP]
"Epistatia ""Usurper Huntress""";;6;:1022;Tremere;Paul Cordwood (1023);[HoT]
Piotr;;9;;Ventrue;Lady Seinia of Muscovy (1042);[AK,p86]
"Mendacamina ""The Iron Maiden""";;6;:1023;Tremere;;[HoT]
"Paul Cordwood ""Master of Spies""";;7;:1023;Tremere;;[HoT]
Vincenzo Giovanni;;8;;Giovanni;Pietro (1043);[TC3]
Constancia;;5;;Cappadocian;Ambrogino Giovanni (1045);[Cb-C] [Cb-Gi] [web] [TC3] [GttC]
"Therimna ""The Executioner""";;6;:1026;Tremere;"Locus
Roman";[HoT]
Teweret;;8;;Setite;Bek (1048);[VN]
Gregor;;6;;Ventrue;Nova Arpad (1050);[TbN,p105] [TC1] [TC2]
Harnuth;;9;;Gangrel;Tiberiu (1050);[TC2,p91] [TC3]
Sire Wenceslas;;6;969:1032;Toreador;;[GC1,p46]
Claudius Giovanni;;5-4;988:1035+?;Giovanni;"Giuseppe
Marianna (1444)
Andreas";[Cb-Gi] [GC1,p45]
Kashan;;7;;Assamite;Djuhah (1056);[CotN,p12]
Celestyn;;6;1010:1039;Tremere;"Ardan of Golden Lane (1107)
Augustine (1513)";[TbN,p134] [TC4,p91] [HoT]
Myrsus ibn Sharbel;;10;:1039;Assamite;;[VN]
Geoffrey Leigh;;6;:1042;Gangrel;;[GC2] [GC3]
Lady Seinia of Muscovy;;10;1015:1042;Ventrue;;[AK,p86]
Mellandis;;5;;Malkavian;Camilla Banes (1063);[TC2,p92]
Pietro Giovanni;;9;:1043;Giovanni;;[TC3]
Ambrogino Giovanni;;6-5;:1045;Giovanni;Gillespi (1435);[CotN,p83-84] [GC3] [TC3] [NoP]
Abu Fahim Kateb;;9;:1047;Assamite;;[VN]
Bek (The Spice Merchant);;9;:1048;Setite;;[VN]
Marie Feroux;;6;:~1050+1076;Gangrel;Thomas Feroux (1076);[CobN,p94]
Nova Arpad;;7;age early 30s:1050;Ventrue;Gustavus (1806);[TbN,p103] [TC1,p88] [TC2,p99] [TC3] [TC4,p23] [CbR-Tz]
Tiberiu;;10;age 30s:1050;Gangrel;;[TbN,p73] [TC1,p79] [TC2,p90] [TC3] [TC4,p86]
Owain ap Ieuan, aka. Owain Evans;;maybe 6;:~1053;Ventrue;;[BC]
Djuhah;;8;:1056+2000;Assamite;;[PGS,p22] [CotN,p11] [CbR-As]
Antoine Le Fanu;;5;;Malkavian;"Father Iago (1077)
Biltmore (1642)";[DC,pp29,32] [NObN,p58] [LAbN,p102]
Darak;;7;;Baali;Elihu (1078);[FBC,p30]
Camilla Baines;;6;1029:1063;Malkavian;;[GC1,p59] [GC2,p18] [GC3,p16] [GttC] [TC2,p92]
Lord Mieczyslav;;6;1042:1066;Tzimisce;;[GC1,p48]
Valerius;;7;age early 30s:1066;Ventrue;Lady Anne Bowesley (1688);[WoD1,p36] [Cb-V] [GC2,p78] [GC3]
Mahfuz;;7;;Malkavian;Alam (1091);[VN]
Losario;;4;;Brujah;Adana de Sforza (1093);[TC2,p90]
Blaidd;;maybe 6;1093;Gangrel;"?
Ragnar Nordstrom";[BC]
Lady Amissa;;6;1049:1073;Setite;;[GC1,p49]
;;maybe 7;1093;Gangrel;;[BC1]
Edward Williams;;7;:1075;Toreador;"Duke (1808)
Leslie Boothe (1927)
Karen Nauve (1985)";[AH]
Baron Thomas Feroux;;7;1055:1076;Gangrel;;[CobN,pp94-95]
Father Iago - Lazarus;;6;1038:1077;Malkavian;;[NObN,p58]
Matron Violetta;;6;:1078;Nosferatu;;[GC1,p45]
Elihu;;8;:1078;Baali;;[FBC,p30]
Kuritz;;8;;Ventrue;Lucretia of Hardtz (1098);[TC1,p89]
Brother Jervais;;8;;Cappadocian;Garinol (1099);[TbN,p65]
K'thstl;;7;;Baali;Sargon (1100);[FBC,p30]
Boukephos;;4;;Lasombra;"Goeffrey
Tercio Bravo (1101)";[VDA,p6] [LS1,p31] [DT,p18-19] [CN-L] [AK,p122]
Helena The Armenian;;6;1043:1081;Ventrue;;[CobN,p115]
Mircea;;9;;Tremere;Denelem Obfusco (1102);[FBC,p11]
Otto;;9;;Ventrue;Roland (1103);[TbN,p102] [TC2] [TC3]
Husayn Al Fatin, Destroyer of Outcasts;;8;1066:1086;Assamite;;[TbN,p60] [TC2] [TC3]
Brunavog;;7;;Tremere;Virstania (1111);[TbN,p135]
Alam;;8;:1091;Malkavian;;[VN]
Vicelin of Marseilles;;11;1065:1092;Ventrue;;[JbN,p114]
Adana de Sforza;;5;1068:1093;Brujah;"Eleanor De Valois (1407)
Kathryn de Sforza";[GC1,pp50,90] [GC2,p18] [TC2,p90] [GttC]
Gerlo;;7;;Tzimisce;Mircea (1113);[TC1,p87]
Giuseppe Giovanni;;6;;Giovanni;Markus Musa Giovanni (1115);[CobN,p92] [Cb-Gi]
The Three;;8;1085:1096;Nosferatu;;[CobN,p101]
Lord Casmir;;6;1037:1097;Tremere;;[GC1,p47]
Malgorzata;;6;1078:1097;Tremere;"Jervais (1102)
Itera (1197)";[TbN,p133] [TC2] [HoT]
Keeper of the Faith;;5;;Tzimisce;"Alexus Simocatta (1118)
The Watchers";[CobN,p110]
Lucretia of Hardtz;;9;:1098;Ventrue;;[TC1,p89]
Etienne de Fauberge;;7;:1099;Ravnos;;[LS4]
Rashid Ibn Musafir;;8;1079:1099;Assamite;;[JbN,p65] [FBC,p15]
Garinol;;9;1077:1099;Cappadocian;"Mercurio
Serena";[TbN,p64] [VtM-R]
Count Humbert Dideaux;;11;:1099+14th cent.;Gangrel;;
Erik Eigermann;;4;:~1100;Ventrue;;[BbN,pp13,84]
Gratiano;;4;:~1100;Lasombra;;[CotI,p39] [GttS] [Cb-L] [TC]
Oliver;;6;;Toreador;Arianne (1120);[TbN,p95] [TC2]
Sargon;;8;:1100;Baali;;[FBC,p30]
Tercio Bravo;;5;:1101;Lasombra;;[AK,p122]
Fatima Al-Faqadi;;6;1077:1102;Assamite;;[CotN,p80] [CN-As] [web] [CbR-As] [CN-Br]
Jervais;;7;:1102;Tremere;;[TC1,p85]
Masera;;9;;Lasombra;Brenda (1122);[VN]
Denelem Obfusco;;10;1065:1102;Tremere;;[FBC,p11]
Abetorius;;5-4;:1103;Tremere;;[Cb-Tr,p66] [WoD2]
Roland;;10;age late 20s:1103;Ventrue;;[TbN,p100] [TC1,p89] [TC2] [TC3]
Vysia;;6;;Tzimisce;Radu (1125);[TbN,p116] [TC2]
Ardan of Golden Lane;;7;1080:1107;Tremere;Claas Drescher (1170);[TbN,p130] [TC3] [TC4,p90] [VtM-R]
Yislei;;7;;Malkavian;Adrojai (1130);[TbN,p83]
Marusca;;8;1080:1110;Nosferatu;Ruxandra (1175);[TbN,p88] [TC2] [TC3]
Virstania;;8;1075:1111;Tremere;;[TbN,p135] [TC3] [VtM-R] [HoT]
Hauzal;;5;;Nosferatu;Dondinni (1132);[CotN]
Nuri;;8;;Ventrue;Nadim ibn Nuri (1132);[VN]
Lord Leopold Valdemar;;6;1074:1113;Lasombra;;[GC1,p48]
Mircea Dzardescu;;8;1075:1113;Tzimisce;;[TC1,p87]
Markus Musa Giovanni;;7;1083:1115;Giovanni;;[CobN,p92]
Alexus Simocatta;;6;1085:1118;Tzimisce;;[JbN,p110]
Arianne;;7;age early 20s:1120;Toreador;;[TbN,p67] [TC2,p96] [TC3]
Chaundice;;maybe 8;:1121+1126;Gargoyle;;[HoT]
Catherine;;7;:1122;Malkavian;;[GC2]
Brenda (The Raven);;10;:1122;Lasombra;;[VN]
Luma;;9;:1123;Gargoyle;;[HoT]
Irendo Torenu;;6;;Ravnos;Izydor Torenu (1145);[TbN,p95]
Count Radu/Radu Bistri;;7;1090:1125;Tzimisce;Marelle (1150);[TbN,p115] [TC1] [TC2,p98] [TC3] [TC4,p95] [GttS] [CbR-Tz]
Hectorous;;7;+;Gangrel;Verpus (1145);[CobN,p95]
Senser;;7;;Ravnos;Vassily Taltos (1145);[TbN,p93]
Ayub ibn Mehtar;;10;;Assamite;Enam bint Ayub al-Dimshaq (1148);[VN]
Marhuel;;7;;Brujah;Ecaterina the Wise (1150);[TbN,p63]
Adrojai;;8;1114:1130;Malkavian;;[TbN,p82]
Artur Beck;;9;;Tremere;Grigor Wallach (1150);[FBC,p11]
Dondinni;;6;:1132;Nosferatu;;[PG2,p131] [CotN] [GttC] [GttS]
Nadim ibn Nuri;;9;:1132;Ventrue;;[VN]
Silvester de Ruiz;;5;;Lasombra;Ambrosio Luis Monçada (1153);
Aratz Labarde;;10;:1134;Malkavian;;[VN]
Shutatarra;;7;;Nosferatu;Samsi (1155);[VN]
Marpessa;;9;;Gangrel;Kossos (1157);[VN]
Fra'Gerard;;6;;Nosferatu;Fra'Raymond (1158);[CobN,p101]
Theresa Kymena;;8-7;1105:1139;Tremere;;[CobN,p106]
Yehuda;;6;;Nosferatu;Josef Zvi (1160);[TbN,p86]
Katherine of Montpellier, the Muse;;7;1116:1100s;Toreador;...;[CbR-To]
Robin Leeland;;7;~1100;Brujah;"Tyler (1381)
General (1794)";[Cb-Br,pp15,63] [CotI,p21] [TC2] [CoW] [NoP]
Cantara;;9;;Toreador;Aighar akhu Quzman (1160);[VN]
Christof Romuald;;9;:1141;Brujah;;[VtM-R]
Melinda Galbraith;;5;1113:1143+1999;Toreador;Rosa Martinez (1880);[PGS,p19] [SHS,p35] [CF,p54] [RD] [NoP] [CbR-Tz]
Yasmina;;7;1133:1143;Ravnos;;[JbN,p96]
Izydor 'Anastasz' Torenu;;7;:1145;Ravnos;Delizbieta (1302);[TbN,p95] [TC1,p84]
Bahjat's sire;;8;+not long after 1165;Salubri;Bahjat (1165);[VN]
Vassily Taltos;;8;age late 20s:1145;Ravnos;Vladislav Taltos (1362);[TbN,p93] [TC2] [TC3]
Verpus Sauzezh;;8;1118:1145;Gangrel;;[CobN,p95]
Killikillarven;;9;:1145;Malkavian;;[SC]
Jeannette d'Avignon;;9;1125:1147;Malkavian;;[JbN,p87]
Enam bint Ayub al-Dimshaq;;11;:1148;Assamite;;[VN]
Ecaterina the Wise;;8;1134:1150;Brujah;Christof Romuald (1141);[TbN,p64] [CN-V] [VtM-R]
Marelle;;8;age late 20s:1150;Tzimisce;;[TbN,p117] [TC2] [TC3] [CbR-Tz]
Gusman Bravo;;9;+~1170;Brujah;Nerea;[CobN,p90]
Grigor Wallach;;10;:1150;Tremere;;[FBC,p11]
Ambrosio Luis Monçada;;6;:1153;Lasombra;Lucita (1190, only childe);[WoD2] [CotN] [GttS] [TC3] [CN-L] [CN-As] [CN-Tz]
Anna Comnena;;7;1126:1153;Ventrue;Irene Stellas (1169);[CobN,p112]
Samsi;;8;:1155;Nosferatu;;[VN]
Nasawi;;11;;Toreador;Duyal al-Malatya (1175);[JbN,p102]
Donal;;8;;Tremere;Pieter Blum (1177);[FBC,p11]
Kossos;;10;:1157;Gangrel;;[VN]
Fra'Raymond;;7;1095:1158;Nosferatu;;[CobN,p101] [LS4]
Josef Zvi;;7;1142:1160;Nosferatu;;[TbN,p85] [TC2] [VtM-R]
Aighar akhu Quzman;;10;:1160;Toreador;;[VN]
Bahjat;;9;:1165;Salubri;;[VN]
Yusuf;;7;1120:1167;Brujah;;[JbN,p71]
Nerea of Spain;;10;1145:1167+1204;Brujah;;[CobN,p90]
Glycon;;7;:1169;Setite;;[GC3]
Irene Stellas;;8;1145:1169;Ventrue;;[CobN,p115]
Randeux;;8;;Tremere;Mara (before 1189);[JbN,p106]
Mara;;9;;Tremere;Vaclav (1189);[JbN,p105]
Marcos;;maybe 6;+1190s;Brujah;;[TP,p139]
Claas Drescher, The Agent;;8;1130:1170;Tremere;Anastasz di Zagreb (1867);[TbN,p131] [TC3] [CotN,p48]
Alexius;;5;;Nosferatu;Khalid (1191);[WoD2] [CbN1] [CbN2,p104]
Anasztaz Torenu;;7;:1172;Ravnos;;[TC1]
Lady Dimitra;;6;1139:1173;Gangrel;;[Cb-Se,p68] [GC1]
Lady Theophana;;6;1157:1173;Malkavian;Erianthe;[WoD2] [GC1,p46]
Pierre l'Imbécile;;9;;Malkavian;Anatole (1193);[TbN,p81] [TC3]
Ruxandra/Alexander;;9-8;1158:1175;Nosferatu;;[TbN,p90] [TC2,p94] [TC3] [TC4,p33]
Duyal al-Malatya;;12;1135:1175;Toreador;;[JbN,p104]
Pieter Blum;;9;:1177;Tremere;;[FBC,p11]
Sir Gavriel de Bougniac/Five;;?;1197;Brujah;;[FBC,p17]
Sakan;;8;:1179;Toreador;;[VN]
Wulfar;;8;1162:1179;Gangrel;;[TC1,p79]
Hannah;;8;1165:1180+1399?;Nosferatu;;[JbN,p92]
Sir Mariot D'Urban;;11;:~1180;Setite;;[Cb-Se,p65]
Rafael de Corazon;;5;1154:1182 or 1389;Toreador;;[CotI,p35] [GC1,p59] [GC2,p19] [GttC] [TC2,p96]
"Luma ""Stone Beauty""";;9;:1183;Gargoyle;;[HoT]
"Fidus ""The Shrunken Beast""";;10;:1187;Gargoyle;;[HoT]
Jared;;7;1150:1189;Brujah;;[JbN,p69]
Vaclav;;10;1165:1189+1873;Tremere;;[JbN,p107]
Jalan-Aajav;;?-5;:~1190;Gangrel;;[CotI] [CotN] [CbR-Ga] [CbR-As]
Lucita;;7;1170:1190;Lasombra;;[TbN,p75] [TC1] [TC2] [TC3] [GttS] [CN-L] [ToTB] [AoV] [web VDA] [web VtM] [MS]
Mitru the Hunter;;7;age early 20s:1190;Gangrel;Wulfar (1179);[TbN,p71] [TC1,p78] [TC3] [TC4,p86]
Hardestadt the Younger;;6;1150:1191;Ventrue;Jan Pieterzoon (1723);[TC2,p99] [CN-V] [NoP]
Khalid al-Rashid;;6;1149:1191;Nosferatu;"Elzbieta Jurofsky (1889)
Jurgis Rudkus (1910)
Peter Walenski (1950)
Tammy Walenski (1950)";[CbN1] [CbN2,pp103-104] [PG2,p121] [WoD2]
Isabel Manara;;12;1180:1191;Gangrel;;[CobN,pp94-95]
Anatole, Holy Harbinger;;10-6;1173:1193+1999;Malkavian;;[TbN,p80] [TC1,p82] [TC2] [TC3] [TC4,p88] [CbR-M] [CN-Tz] [CN-M] [web VDA] [web VtM] [CN-Br]
Gabrin;;6;1167:1195;Ravnos;;[GC1,p49]
Vintila;;7;+;Tzimisce;Dragomir Basarab (1215);[TC1,p87]
Lord Alfred;;9;1170:1195+1197;Brujah;The Earl Of Galtre (1197);[CoW,p38]
"Itera ""Wretched Usurper""";;7;:1197;Tremere;;[HoT]
The Earl Of Galtre;;10-8;1137:1197+1197;Brujah;;[CoW,p36]
Ilse Reinegger;;5;1312;Ventrue;Gustav Breidenstein (1220);[BbN,p61]
Versancia;;7;;Toreador;Audric St. Thierry (1221);[TC3]
Lucretia Giovanni;;6;:1205;Giovanni;;[GC3]
Karsh the Avenger (Hassan al-Samhir);;5;:~1210;Gangrel;;[CotI] [CotN]
Illana;;8;1193:1214;Gangrel;Simon Lollen (1734);[DAV]
Lotharius;;5;;Tremere;Karl Schrekt (1235);[BbN,p107]
Dragomir Basarab;;8-7;1195:1215+Inquisition;Tzimisce;;[TC1,p87] [TC2]
Aajav, the Young Wolf;;7;1236;Anda;Qarakh;[WfE]
Gustav Breidenstein;;6-5;1192:1220;Ventrue;"Wilhelm Waldburg (1440)
Katarina Kornfeld (1507)
Friedrich von Köln (17th century)
Peter Kleist (1757)";[BbN,pp13-17,61] [BC]
Audric St. Thierry, Master of the Game;;8;:1221;Toreador;L'Epuisette;[WoD2] [TC3]
Lady Jadviga Almanov of Bohemia;;6;1186:1223;Ventrue;;[GC1,p48]
Mistress Fanchon;;6;1186:1223 or 1357;Tremere;;[GC1,p60] [GC2,p20] [GC3,p15] [GttC] [TC2,p97]
Bortai the Fair, Bone Dancer;;Cathayan;:1227;KOE;;[WfE]
Tony;;9;:1228;Malkavian;;[AH]
Doctor Streck;;7;:1229;Brujah;;[GC3]
Bakr;;5;;Assamite;Tariq (1250);[KmW,p72]
François Villon;;5;1197:1230;Toreador;"Violetta (1250)
Calabris (1595)
Renata di Medici (1793)";[WoD1,p57] [PG2,p133] [GC2] [TC3] [HoD] [MC]
Agatha of Maidstone;;6;;Tzimisce;Jack (1250);[DCbN]
Baron Fredrich von Sieburg;;maybe 6;1252;Ventrue;;[VST]
Marchettus, the Bold;;6;1198:1234;Brujah;;[GC1,p45]
Karl Schrekt;;6-5;1195:1235;Tremere;Maxwell Ldescu (1882);[BbN,pp58,85,107,14] [BC] [VRev,p237]
Tariq the Silent;;5 or 6 now 13;:1250;Assamite;Gabriel Chavez (729);[KmW,pp69-72] [CotN,p15] [CbR-As]
Subitai;;6;:13th century;Nosferatu;;[WoD1,p95]
Violetta;;6;1231:1250;Toreador;;[GC2,p80] [GC3,p16]
Jack;;7;1220:1250+1999;Tzimisce;;[DCbN,p89] [CN-Br]
Mirabilis;;7;age 65:1250;Tremere;;[VtM-R, non-licence character]
Rabbat;;7;:13th century;Nosferatu;;[KmW,pp21-24]
Talley;;7;:around 13th century;Lasombra;;[CN-L]
Dominique;;8;:13th century;Ventrue;;[CotI,p67]
Ferox;;8;:13th century;Gargoyle;;[KmW,pp51-55]
Lord Jurgen von Verden;;6;1271;Ventrue;;[web]
Lady Meridie de Chancie;;6;:1257;Brujah;;[GC2]
Byelobog;;4;+around 14th century;Tzimisce;;[LS1,p51] [CbR-Tz]
Vladovos;;5;;Ravnos;Durga Syn (~1300);[TC2,p95] [NoP]
Stromburg;;5;;Tremere;Nicolai (1314);[CbN1] [CbN2,p118]
Durga Syn;;6;:~1300;Ravnos;Zlatos (1752);[TC2,p95] [NoP]
Ezuli;;7-6;:~1300;Setite;Manon (1953);[WoD1,pp113-115] [NObN,p81]
Michaela;;7;:1300;Ventrue;Tabitha Bauer (probably 1999);[WoD2] [CN-R] [CN-Br] [VtM-R, license character]
Delizbieta of the Dark Eyes;;8;:1302;Ravnos;;[TC1,p84] [CbR-M]
Augusta Halford;;?;:1305;Setite;;[Cb-Se,p63]
Herodian;;6;;Toreador;Father Samuel (1333);[TC2,p96]
Nicolai Antonescu;;6;1303:1314;Tremere;"Erichtho (1897)
DuSable (1943)";[CbN1] [CbN2,p118]
Mr. Schreck;;8;age 70:1325;Nosferatu;Smashface (1972);[CN-L] [VtM-R, non-licence character]
Vincent Day;;9;:1327;Ventrue;;[PGS] [CotN]
Cristo;;5;;Nosferatu;Petrodon (1348);[AC,p85]
Father Samuel;;7;1299:1333+~1500;Toreador;;[TC2,p96]
Shavrael;;5;;Tremere;Mistress Fanchon (1357);[TC2,p97]
Alonso Cristo Petrodon de Seville aka. Petrodon;;6;:1348+1997;Nosferatu;"Julio Martinez (1437)
Cock Robin (1757)";[AC,pp16,85] [CotN,p46] [GttC]
Lord Alexandre;;6;:1350;Lasombra;;[GC2]
Juan Berger;;6;;Brujah;Jaroslav Pascek (1371);[CotN,p41]
Mukhtar Bey;;7;:1354;?;;[WoD2]
Freia;;7;:1355;Malkavian;;[GC2]
Frigga;;7;:1355;Malkavian;;[GC2]
Xavier de Calais/Xaviar;;7;:1356;Gangrel;;[VtM2,p42] [CotN,p91] [LS3,p37] [NObN,p92] [CN-Ga] [CN-V] [CN-Br]
Vladislav Taltos;;9;1339:1362;Ravnos;;[TC2] [TC3] [TC4,p90]
Dobrul the Brave;;4 or 5;1388;Anda;"Chinkhai
probably Yesira";[WfE]
Chinkhai the Fierce;;5 or 6;1388;Anda;;[WfE]
Yesira;;5 or 6;1388;Anda;;[WfE]
Jelme the Damned;;6 or 7;1388;Anda;;[WfE]
Oderic;;6;+1388?;Anda;Aajav;[WfE]
Qarakh;;8-7;1388;Anda;;[WfE]
Alexandria/Callisti y Castillo aka. Red Ludwing;;4 or 5;;Toreador;Rafael de Corazon (1182 or 1389);[Cb-To] [CotI] [GttC]
Jaroslav Pascek;;7;:1371;Brujah;;[CotN,p41] [GttC,p27] [CbR-Br] [CN-Br]
Del Giorgio Giovanni;;7;;Giovanni;"Carmina
Genevra (~1400)";[CotI,p59]
Andre Milano;;5 or 6;+;Malkavian;Alicia Barrows (1401);[CF]
Tyler;;8-6;1352:1381;Brujah;"Joshua Tarnopolski ""Blackjack"" (1913)
Louise";[CbN1] [CbN2,pp67-68] [CotI,p21] [TC2] [CbR-Tz]
Haakon Mortensen;;7;:1385;Gangrel;;[GC2]
Gorias;;6;:end 14th century;Brujah;;[web]
Rosenkrantz;;6;:end 14th century;Malkavian;;[web]
Lugoj;;6-5;1413;Tzimisce;;[CotI] [GttS] [CN-Tz] [LS1]
Mateusz Gryzbowsky;;6;:1397;Nosferatu;;[GC2]
Lady Intisar;;6;:1399;Setite;;[GC2]
Alexander Danov;;7;:~1400;Nosferatu;;[VtM2,pp250-251]
Genevra Giovanni;;8;:~1400+2000;Giovanni;;[CotI,p59] [GC4] [CN-Gi]
Alicia Barrows;;6 or 7-6;1383:1401;Malkavian;;[CF,pp58-59]
Giangaleazzo;;7;1351:1402;Lasombra;;[CotN,p63] [PGS] [WoD2] [GttS] [NoP]
Andre Mallotte;;7;:1405;Tremere;;[GC2]
Eleanor De Valois;;6;1380:1407;Brujah;;[TC2,p90]
Master Frazier;;6;:1409;Ventrue;;[GC2]
Sir Lorence;;6;;Brujah;Edward Scott (1432);[MibN]
Prince Bourdona;;7;;Tremere;Carna (1435);[MibN]
Sevacora;;8;;Toreador;Noël d'Artois (1436);[TC3]
Anton Borecelli;;maybe 7;1440;Ventrue;;[VST]
Count Dravik;;6;;Toreador;Jean-Marc d'Harfleur (1444);[TC2,p95]
Lady Justania;;6;;Ventrue;Gilbert d'Harfleur (1444);[TC2,p98]
Marienna;;6;;Nosferatu;Federico DiPadua (1444);[TC2,p97]
Maximarius;;6;;Brujah;Lilika Kairos (1444);[TC2,p89]
Bryan;;7;1389:1424;Malkavian;Bronwyn (1452);[CbN2,pp100-101]
Edward Scott - Black Prince;;7;1399:1432;Brujah;Akawa (1770);[MibN]
Marie Guylaine;;9;;Brujah;Gérard de Chatelle (1453);[TC3]
Bernard;;6;;Toreador;Chevalier d'Eglantine (1454);[TC3]
Gillespi Giovanni;;7;1410:1435;Giovanni;;[GC2] [GC3]
Carna;;8;1417:1435;Tremere;;[MibN]
Noël d'Artois;;9;:1436;Toreador;;[TC3]
Julio Martinez;;7-6;1392:1437;Nosferatu;;[CF,p70]
Lady Veradis;;6;:1439;Assamite;;[GC2]
Yorak;;4;+~1460;Tzimisce;;[TbN,113] [TC] [CbR-Tz]
Wilhelm Waldburg;;6;1408:1440;Ventrue;Henriette;[BbN,pp15-17,62] [BC]
Marianna;;6;1425:1444;Giovanni;;[GC1,p82]
Federico DiPadua;;7;:1444;Nosferatu;;[CotN] [TC2,p93] [NoP] [CN-Br]
Gilbert d'Harfleur;;7;1426:1444;Ventrue;;[TC2,p98]
Jean-Marc d'Harfleur;;7;:1444;Toreador;;[TC2,p95]
Lilika Kairos;;7;:1444;Brujah;;[TC2,p89]
Baldesar Rossellini;;6;:1446;Giovanni;;[GC3]
Boronisk;;6;;Nosferatu;Parovich (1467);[MibN]
Rosaura Rossellini;;7;:1447;Giovanni;;[GC3]
Elaine de Calinot;;5;:15th century;Tremere;;[Cb-Tr,p67] [RD2]
Bronwyn;;8;1437:1452;Malkavian;Corbin (1457);[CbN2]
Gérard de Chatelle, The Agitator;;10;:1453;Brujah;;[TC3]
Chevalier d'Eglantine, The Sheriff;;7;:1454;Toreador;;[TC3]
Laanto Dormotji;;5;1476;Tzimisce;Valenko Dmiritav (1476);[CF]
Corbin;;9;1437:1457;Malkavian;;[CbN2]
Lady Vadislava;;6;:1460;Tzimisce;;[GC2]
Jacob Durgal;;7;;Nosferatu;Alberich (1481);[DAV]
Parovich;;7;:1467;Nosferatu;"Kristian (1985)
Anastasia (1989)
Raul (1990)";[MibN]
Doran;;6;1455:1471+1955;Ventrue;;[NObN,pp17-25]
Tabak;;4;1495;Tzimisce;Lambach;[CotI,pp9,43] [TC2,p82]
Valenko Dmiritav;;6;1452:1476;Tzimisce;;[CF,p57]
Alberich;;8;1459:1481;Nosferatu;;[DAV]
Cartagio;;8;;Ventrue;Joachim von Neumann (1502);[TC3]
Julian Sanders;;7;:1485;Brujah;;[GC2]
Lord Theron;;6;:1490;Malkavian;;[GC2]
Oliver Thrace;;6;age 40:1490;Tremere;Wan Hzu (1974);[WoD2] [NoP] [HK]
Mendel;;6;:1492;Tremere;;[GC2]
Dracula (Vlad Tepes);;6-5;1431:1495;Tzimisce;Lucy Westenra;[CotI,pp9,43] [CotN] [TC2,p99] [TC3] [TC4,p94] [CbR-Tz]
Lucretia;;6 or 7;;Setite;"Danny Larkshill (1520)
Mark Sandhurst (1520)";[NoP] [VtM-R]
Joachim von Neumann;;9;:1502;Ventrue;;[TC3]
Mario Giovanni;;6;1477:1503;Giovanni;;[GC2]
Lady Melisande;;6;:1506;Toreador;;[GC2]
Katarina Kornfeld;;6;1485:1507;Ventrue;;[BbN,p66]
a Nipmuck warrior;;5 or 6;:early 16th cent.;Gangrel;;[DC,p15]
a Wampanoag medicine man;;5;:early 16th cent.;Gangrel;probably Battista Decamerone (1571);[DC,p15]
Comte Augustine d'Erlette;;7;1470:1513;Tremere;;[TC4,pp24,29]
Kyle Strathcona;;8;:1514;Ventrue;;[CotN] [MobN] [NoP]
?;;6;1537;Malkavian;;[CbN2,p85]
Ferdinand;;9;1541;Malkavian;Gemma Fortunato (1539);[HoD]
Danny Larkshill;;7;:1520;Setite;;[NoP]
Mark Sandhurst;;7;:1520;Setite;;[NoP]
Elonzo;;6;;Toreador;Masdela (1543);[BHDB,p14]
Snee;;8;:1525;Gangrel;;[GC2]
Rathmonicus;;maybe 6;+~1550;True-Brujah;;[DSBH]
Alvusia;;maybe 8;+16th century;Gargoyle;;[HoT]
Ellison Humboldt;;6;1502:1532;Nosferatu;;[BbN,pp16,52] [BC3]
Antonius Caracus;;5;;Brujah;Don Caravelli (1557);[WoD1,p55]
Gemma Fortunato;;10-9;1515:1539+1998;Malkavian;Donato Aristide Tavianni (1786);[HoD]
Rusticus;;10;1561;Gargoyle;;[JbN,p104]
Masdela;;7;1512:1543;Toreador;;[BHDB,p14]
Mesita;;6;;Tremere;Dr.Mortius (1566);[BHDB,p57]
Donna Beatrice;;maybe 6;;Lasombra;Don Medina Sidonia (~1570);[Cb-La]
Chiclena;;8;:16th century+;Ventrue;;[MibN]
Don Caravelli;;6;1512:1557+1994;Brujah;;[WoD1,pp52,55]
Baron Philippe Volgirre;;5;1579;Toreador;Madame Guil (1579);[BHDB,p10] [NoP]
Powell;;6;;Nosferatu;Warwick (1584);[DC,p52]
Dr. Mortius;;7;:1566;Tremere;Gabriel;[BHDB,p57]
Battista Decamerone;;6;1512:1571;Gangrel;;[DC,pp15,44]
Madame Guil;;6;1563:1579;Toreador;"Countess d'Adhemar (~1789)
Michael Unther (1802)";[BHDB,p10] [KmW,p64] [CotN,p46] [GttC] [NoP]
Kamiri wa Itherero;;maybe 7;:1582;Laibon;;[WoD2]
Warwick;;7;1556:1584;Nosferatu;"Lawrence Meeks (1769)
Kurt Densch (1913)";[DC,pp32,52] [NObN,p61]
Don Medina Sidonia;;maybe 7;:1588;Lasombra;;[Cb-La]
Quentin;;7;:end 16th century;Ventrue;;[web]
Calabris;;6;:1595;Toreador;Rati (1725);[MC]
Count Ormonde;;9;:1599;Setite;;[CotN]
Francisco Domingo de Polonia;;7;1570:1600;Lasombra;;[CotN] [WoD2] [GttC] [NoP] [CN-L] [CN-Tz] [CN-Br]
Otto, the Butcher, the Terror of the Black Forest;;maybe 7;:~1600+1994;Brujah;;[RD2]
John Dee;;5;1527:1608;Tremere;;[WoD1,pp33-34] [Cb-Tr,p65]
Gareth;;6;;Gangrel;Tyrus (1635);[CbN2,p88]
Tobias Leveler;;10;:1615;?;;[GC2]
Canis;;6;1640;Gangrel;;[JbN,p76]
Dominic Vaughn;;9;age 50:1623;Malkavian;;[VtM-R, non-licence character]
Pascoe;;6;;Toreador;Lianna (1645);[WoD1,p38]
Jacques;;7;1943;Toreador;"Morgaine (1649)
Anntoinette (1943)";[NObN,p65] [BbN,p56]
Massimo Farruggio;;?;1582:1629;Lasombra;Guido Rafastio;[HoD]
Mad Tom;;maybe 8;+17th century;Malkavian;Crazy Jane (17th century);[Cb-M,p63]
Chiu Bao, First Oni;;?;:1631;KOE;;[NoP]
Callirus;;9;:1632;Ravnos;;[CotN]
Hidalgo;;6;;Gangrel;Muricia (1653);[Alternate New Orleans]
Mama Lion;;9;;Brujah;Smiling Jack (1654);[LAbN]
Tyrus;;7;1604:1635;Gangrel;Ramrod (1954);[CbN1] [CbN2,pp88-89]
Severus;;5;;Ventrue;Lucinde (1656);[CotN,p49]
James the Red;;7;;Brujah;Jeremy MacNeil (1657);[LAbN,p67] [Cb-Br,p65] [NoP]
William Biltmore;;6;1614:1642;Malkavian;;[DC,pp32,46]
Lianna - Leanan;;7;1628:1645;Toreador;;[WoD1,p38]
Morgaine;;8;:1649;Toreador;;[NObN]
Harold Zettler;;5;:17th century;Malkavian;;[BoW,p31]
Friedrich von Köln;;6;:17th century;Ventrue;;
Genina;;6;age 9:17th century;Samedi;;[KmW,pp27-31]
Vincenzo Giovanni;;6;~1620:~1650;Giovanni;;
Valerius Maior;;7;-50:17th century;Tremere;;[KmW,pp75-78]
John Dunsirn;;8;:1650;Giovanni;;[GC3]
Crazy Jane;;maybe 9;:17th century;Malkavian;;[Cb-M,ppIX,63]
Muricia;;7;1632:1653;Gangrel;;[SHS] [Alternate New Orleans]
Henri;;8;;Gangrel;Philippe Rigaud (1673);[CbN2]
Smiling Jack;;10;1611:1654;Brujah;Dre (1990s);[LAbN,p70] [Cb-Br,pp10-11,66]
Lucinde;;6;:1656;Ventrue;;[Cb-V] [CotN,p49] [GttC,p27] [CN-Br, VtM-R, license character]
Jeremy McNeil;;8;1631:1657;Brujah;Dutch (1853);[NObN] [LAbN,p67] [Cb-Br,p65] [GttC] [NoP]
Black Wallace;;8;:1659;Lasombra;;[CotN]
Charles the Wise;;6;+;Ventrue;De Vandreuil (~1680);[web]
Sir Matthew Lubbock;;4;;Toreador;Christopher Houghton (1682);[LAbN,p83]
Rose Chandler;;8;:1666;?;;[GC2]
Philippe Rigaud;;9-7;1650:1673;Gangrel;;[CbN2,p138]
Francis Broderick;;7;;Nosferatu;Nathan - Arlen (1697);[DCbN]
Margaret d'Hautmont;;7-6;;Toreador;"Anthony Sebastian Sands (1699)
Vidal Jarbeaux (1768)";[NoP]
Clear Brook - Clear Bear;;5;1832;Brujah;Yarian (1700);[CbN2,pp18,146]
Kenneth Stahl;;7;:1680;Giovanni;;[GC3]
Hesha;;8;age ~38:late 17th cent.;Setite;"Vegel
Elizabeth Dimitros (1999)";[SHRev] [GttS] [CN-Se] [CN-R] [CN-N] [CN-An] [CN-Br]
Thomas Carlyle;;7;;Ventrue;Dorian Adams (1701);[DCbN]
Christopher Houghton;;5;1669:1682;Toreador;"Joaquin Murietta (1853)
Don Sebastian (1870)";[LAbN,pp20-21,84]
Marcel de Breau;;7;+;Brujah;Jeremy Skelton (1702);[DC,p61]
Dark Selina;;6-5;;Brujah;Roman Pendragon (1703);[DC,pp29,31,61] [LAbN,p102]
Elijah;;5;1704;Gangrel;;[CotN,p92] [PG2,p127]
Abigail;;6;;Tremere;Hannah (1705);[NecA]
Anya;;7;;Ventrue;Nikolai (1706);[NoP]
Lady Anne Bowesley;;8;1635:1688;Ventrue;;[WoD1,p36] [WoD2] [NoP] [CbR-V] [CN-Br]
De Vandreuil;;7;:end 17th century;Ventrue;Catherine de Vandreuil (end 20th century);[web]
Robert Pedder;;7;:end 17th century+1998;Ventrue;;[WoD1,p90] [WoD2] [NoP]
Ezra Howland;;8;;Tzimisce;Righteous Endeavor (1713);[CbR-Tz]
Nathan - Arlen;;8;:1697;Nosferatu;Amos (1929);[DCbN]
Anthony Sebastian Sands;;8;:1699;Toreador;;[NoP]
"Shining Deer ""Yaryan""";;6;1680:1700;Brujah;;[CbN1] [CbN2,p146]
Peter Dorfman;;7;1662:1700;Tremere;;[Cb-Tr,p27] [DCbN,pp70-71]
Andreas Giovanni;;5;;Giovanni;Lisandro Giovanni (1721);[CF,p59]
Dorian Adams;;8;:1701;Ventrue;;[DCbN]
Martino Della Passaglia;;8;~1663:1701;Giovanni;;[WoD2] [Cb-Gi]
Maria;;5;+;Toreador;Annabelle Triabel (1722);[CbN1] [CbN2,p112]
Jeremy Skelton;;8;1665:1702;Brujah;;[DC,p61]
Astio Giavetti;;6;;Tremere;Antonio Calbullarshi (1723);[NObN,p69]
Roman Pendragon;;6;1683:1703;Brujah;Jacques Sirque (1797);[DC,pp31,41]
Natalia;;8;1686:1703;Ravnos;;[BbN,p101]
Morlock;;6;+;Samedi;Baroque (1725);[MC]
Hannah;;7;:1705;Tremere;;[NecA] [BC] [CN-To] [CN-Tz]
Nikolai;;8;:1706;Ventrue;;[NoP]
Dmitra Ilyanova;;7;;Brujah;Carlak (1730);[CotN,p61]
Baron Samedi;;5;;Samedi;"Morlock
Genina (17th century)
Jorge de La Muerte (1732)
Reg Driscoll
Jack Dawson";[KmW,p28] [PG2] [Cb-Gi] [BM]
Righteous Endeavor;;9;:1713;Tzimisce;;[Cb-Tz] [CbR-Tz]
Sranganyika;;8;;Brujah;Pug Jackson (1734);[DC]
Madeleine d'Aunay;;7;:~1720 (beginning 18th);Toreador;;[web]
Lisandro Giovanni;;6;1687:1721;Giovanni;;[CF,p59]
Maria Haige;;6;+;Tremere;Zachariah Slane (1741);[DC,p111]
Annabelle Triabel;;6;1698:1722;Toreador;"Accou (1784)
Elsa Linden (1791)
Modius (1806)
Tarmonay
Sharon Payne (1929)
Sophia Ayes (1981)
Bret Stryker (1983)
Deacon";[VtM2,pp262-263] [CbN1] [CbN2,p112] [DC,p56] [Alternate New Orleans]
Antonio Calbullarshi;;7;~1700:1723;Tremere;"Nigel Porter (1776)
Marie D´Richet (1991)";[NObN,p69]
Jan Pieterzoon;;7;:1723;Ventrue;;[NoP] [CN-V] [CN-Tr] [CbR-V] [CN-Br]
Baroque;;7;:1725;Samedi;;[MC]
Rati;;7;:1725;Toreador;;[MC]
Carl Wisor;;9;1709:1725;Ventrue;;[SHS]
Carlak;;8;:1730;Brujah;;[CotN,p61] [AC,p17]
Jorge De La Muerte;;6;:1732;Samedi;;[CF,p56]
Night Star;;8;;Ventrue;Louis Fortier (1754);[LAbN] [NoP]
Pug Jackson;;9;1709:1734;Brujah;Jude Franken (1967);[DC] [GC4]
Simon Lollen;;9;1704:1734;Gangrel;;[DAV]
Raleigh;;9;;Malkavian;Horace Turnbull (1758);[CbN1]
Alabaster;;5;;Malkavian;Aunt Bedelia (1760);[NecA]
Zachariah Slane;;7;1701:1741;Tremere;;[DC,p111]
Lutz Von Hohenzollern;;7;;Malkavian;Maris Streck (1762);[CotN,p43]
Juliette Dulai;;7;;Toreador;Ransam (1769);[BHDB,p35]
Alexis, alias Danya;;6;age 18:18th century;Ravnos;;[KmW,pp57-61]
Maurcroix;;8;:mid 18th century;Tremere;Mariane Dupuis;[web]
Prudence Stone;;maybe 9;:18th century;Nosferatu;;[Cb-N,pp66-67] [DC,p18]
Arianna Roquefort;;10;:1750;Toreador;;[VtM-R, non-licence character]
Enver Frasheri;;10;:1700s;Toreador;;[CbR-To]
Zlatos;;7;:1752;Ravnos;;[NoP]
Andreas Giovanni;;8;:1754;Giovanni;;[GC4]
Louis Fortier;;9;1726:1754;Ventrue;"Catherine Du Bois (1910)
Elena Gutierres (1975)";[LAbN] [NoP]
Maxwell;;6;1717:1755;Brujah;;[CbN2,pp68-69]
Nero;;5;;Malkavian;White Lily (1776);[MC]
Peter Kleist;;6;1727:1757;Ventrue;;[BbN,p64] [BC]
Cock Robin;;7;:1757;Nosferatu;;[CotN,p45] [GttC] [CN-N]
Johann Kaspar;;6;;Tremere;John Reiss (1778);[DC,p58]
Gwendolyn Fleming;;9;:1758;Toreador;;[HK]
Horace Turnbull;;10;1712:1758+1993;Malkavian;;[CbN1]
Augustin;;8;;Nosferatu;Calebros (1780);[CN-R]
Rachel;;8;:1760;Gangrel;;[AH]
Maris Streck;;8;:1762;Malkavian;;[CotN,p43] [GttC]
William Thorbecke;;5;1989;Tremere;Lille Haake (1784);[CotN]
Sun Tai T'ung;;6;;KOE;Effie Feng (1784);[DC,p50]
Desiree Traville;;8;1740:1764;Lasombra;;[SHS]
"Jesse ""Twin Hawk""";;7;1737:1765;Gangrel;Reverend Mitchell (1912);[Alternate New Orleans]
Lyra;;7;;Malkavian;Alessio Rinaldi (1788);[CbR-M]
Vidal Jarbeaux;;7;:1768;Toreador;Christianne Foy;[CotN] [NoP] [CN-Gi]
Geist;;8;:1768+;Brujah;Marguerite Foccart (1768);[NoP]
Marguerite Foccart;;9;:1768;Brujah;"Crispus Attucks (1770)
Reynier (~1792)
Steve Booth (1965)";[Cb-Br] [LAbN] [NoP]
Lawrence Meeks;;8;:1769;Nosferatu;"Avery (1851)
Roger (1865)
Martin (1871)";[NObN]
Ransam;;8;:1769;Toreador;;[BHDB]
Ruth McGinley;;9;:1769;Malkavian;;[CotN]
Akawa;;8;:1770;Brujah;Wrecker (1968);[MibN]
Crispus Attucks;;10;1733:1770;Brujah;;[Cb-Br] [LAbN] [NoP]
Jason Dodgerson;;10;:1770;?;;[AH]
Charlemagne;;7;;Ventrue;Benedic (1792);[NoP]
Contillio;;8;;Ventrue;Karen Chartry (1792);[NObN]
Natasha;;8;;Toreador;Louis Detonas (1793);[MibN]
While Lily;;6;:1776;Malkavian;;[MC]
Nigel Porter;;8;:1776;Tremere;Sebastian Walcott (1783);[NObN]
Vannevar Thomas;;maybe 8;1732:1776;Ventrue;"Swede (1851)
Margaret (1859)
Leland Stanford Jr.(1884)
Donna Cambridge (1980)";[LAbN,p102] [BW] [PoC]
Mark Decker;;9;:1777;Gangrel;"Derek Hillen (1806)
Julia Calvin (1989)";[MibN]
John Reiss;;7;1730:1778;Tremere;;[DC,p58]
John Diamond;;5;:late 18th cent.;Tremere;;[Cb-Tr,p27]
Jean Florent;;7;;Toreador;Leopold (1800);[TC4,p26]
Calebros;;9;:1780;Nosferatu;;[CN-R] [CN-An] [CN-N] [CN-Br]
Petra;;7;;Nosferatu;Jara Drory (1801);[DC,p54]
Philippe de Lyons;;8;1999;Toreador;Vivienne d'Alembert (1802);[HoD]
Sebastian Walcott;;9;:1783;Tremere;;[NObN]
Lille Haake;;6;:1784;Tremere;;[CotN]
Accou;;7;1762:1784;Toreador;"Marguerite Defallier (1876)
Tristan (1902)";[Alternate New Orleans]
De Sade;;7;;Ventrue;Clarice Fontaigne (1804);[BbN]
Effie Feng;;7;1759:1784;KOE;;[DC,p50]
Lord Graythwaite;;9;;Tremere;Jean-Michel du Pont-Ville (1805);[BN,p3]
Donato Aristide Tavianni;;10;:1786;Malkavian;Candee Kaien (1978);[HoD]
Alessio Rinaldi;;8;:1788;Malkavian;;[CbR-M]
Countess d'Adhemar;;7;:~1789;Toreador;;[KmW,p64]
Restewin;;7;1809;Malkavian;Uriah Travers (1809);[NObN,p59]
Nathan Skarvan;;8;1811;Malkavian;"the Six Knights (Sir Cum Laude, Sir Paxis, Sir Sine Qua Non, Sir Pro Bono, Sir Sine Die, Sir Probus) (1810)
Quentin King (1811)";[DC,pp47-49]
Elsa Linden;;7;1767:1791;Toreador;;[DC,p56]
Germaine;;6;:1792;Brujah;;[KmW,pp63-66]
Benedic;;8;:1792;Ventrue;;[NoP] [GttC] [BM]
Karen Chartry;;9;:1792;Ventrue;;[NObN]
Reynier;;10;:~1792;Brujah;;[web]
Renata di Medici;;6;age 17:1793+1996;Toreador;;[HoD]
Louis Detonas;;9;1762:1793;Toreador;;[MibN]
General;;8-7;:1794;Brujah;;[NObN,p116]
Ravenna - Iris Dumont;;9;1768:1794;Setite;;[DCbN]
Jacques Sirque;;7;1721:1797;Brujah;;[DC,p42]
Aunt Bedelia;;6;1760;Malkavian;J. Benison Hodge (1866);[NecA] [BC]
Fawn (Eleanor James);;maybe 8;:~1800+1994;Assamite;;[RD1]
Flavia (Sarah James);;maybe 8;:~1800;Assamite;;[RD1]
Leopold;;8;1770:1800;Toreador;;[TC4,p26]
Aidan Lyle;;7;;Tremere;Lord Ephraim Wainwright (1821);[NoP]
Jara Drory;;8;:1801;Nosferatu;;[DC,p54]
Michael Unther;;7;1757:1802;Toreador;;[BHDB,p12]
Justin Davies;;8;;Brujah;Tara (1822);[LAbN]
Vivienne d'Alembert;;9;:1802;Toreador;Alessandro Aiello (1826);[HoD]
Jarthis Giovanni;;maybe 9;1823;Giovanni;;[PG2]
Clarice Fontaigne;;8;:1804;Ventrue;;[BbN]
Baladin;;maybe 8;1825;Tremere;;[DC,p17]
Jean-Michel du Pont-Ville;;10;~1777:1805;Tremere;;[BN,p3]
Georgia Rowlands;;6;+;Ventrue;Upton Rowlands (1826);[DC,p59]
Modius;;7;1765:1806;Toreador;Allicia (1938);[VtM2,p246] [CbN1]
Gustavus;;8;1780:1806;Ventrue;;[TC4,p30]
Derek Hillen;;10;:1806;Gangrel;;[DAV]
Duke;;8;:1808;Toreador;;[AH]
Uriah Travers;;8;:1809;Malkavian;;[NObN]
Rufino Olevarez;;8;;Malkavian;Emmanuel Moncrief (1830);[CbR-M]
Geneviève Orseau;;8;;Toreador;"Maxime
Trevor (1831)";[Cb-To] [EG]
Quentin King III;;9-8;1776:1811;Malkavian;;[DC,pp47-48]
Marissa;;5 or 9;:1812+;Tremere;;[DCbN,p19]
Quincy Cullen;;maybe 7;1832;Ventrue;Vannevar Thomas;[PoC]
Don Armando de Madrid;;8;;Nosferatu;Alonzo Guillen (1832);[LAbN]
Lord Randall;;8;;Brujah;Sir Ralph Hamilton (1834);[LAbN]
Victoria Ash;;8;:1820 or 1650;Toreador;;[GC3] [CN-To] [CN-Tz] [CN-Tr] [CN-M] [CN-Br]
"Lord Ephraim Wainwright, a.k.a. ""Imp""";;8;:1821;Tremere;;[NoP]
Lasker;;6;;Malkavian;Maureen O'Leary (1842);[CbN1] [CbN2,p93]
Tara;;9;1794:1822;Brujah;;[LAbN] [CotN] [GttS] [NoP]
Oliver the Black;;8;;Nosferatu;Montrose (1843);[NoP]
Don Cristian de Leon Negro;;9;;Ventrue;Jesus Ramirez (1843);[LAbN]
Upton Rowlands;;7;1769:1826;Ventrue;;[DC,p59]
Alessandro Aiello, aka Alessandro Gardini;;10;1799:1826;Toreador;Silvana Gardini (1929);[HoD]
Emmanuel Moncrief;;9;:1830;Malkavian;Faye Sharpless (1900);[CbR-M]
Mowgli;;10;1819:1830;Gangrel;;[DC]
Trevor;;9;1792:1831;Toreador;;[EG]
Datura;;6;;Ventrue;Lodin (1852);[CbN1] [CbN2,p113]
Alonzo Guillen;;9;1803:1832;Nosferatu;;[LAbN]
Sir Ralph Hamilton;;9;1802:1834;Brujah;Professor Gregory Habersohn (1902);[LAbN]
Ying Lei, Thunder Hawk.;;Cathayan;:Just before British occupation;KOE;;[TC4,p96]
Justine Weiss;;10;1845:1836;Toreador;;[web]
Don Cerro;;8;;Brujah;Theo Bell (1857);[CotN,p51] [NoP] [CN-Br]
Isaac;;7;;Brujah;Thelonious (1859);[NecA]
Snake Whitcomb;;maybe 10;1859;Brujah;;[PoC]
Oliver Ligon;;7;1871;Ventrue;Pariah, the Abomination (1860);[UBRM,p91]
Maureen O'Leary;;7;1802:1842;Malkavian;"Son (1893)
Paula Smith (1970)
Ben Smith (1980)";[CbN1] [CbN2,pp92-93]
Montrose, a.k.a. Geoffrey Alan Montrose;;9;:1843;Nosferatu;;[NoP] [GttC] [BM]
Jesus Ramirez;;10;1802:1843;Ventrue;;[LAbN] [BC2]
Baylor;;6;;Ventrue;"Eleanor Hodge (1864)
Dr. Joshua McCallister";[NecA] [BC]
Alexis Blanc;;7;1908;Brujah;Balthazar (1865);[CbN2,p72]
David Case;;7;;Ventrue;Dr. Edward Walker (1866);[DCbN]
Lothar Constantine;;7;+~1870;Ventrue;"Jereaux Guilbeau
Marcel Guilbeau (1866)";[NObN,pp75]
Ma'aruf;;8;;Assamite;Badr-al-Budur (1867);[MibN]
Yong-Sung Chang;;8;:1848;Ventrue;;[GC4]
Sullivan;;probably Gaki;:1851;KOE;Kathy;[PoC] [BW]
Avery;;9;:1851;Nosferatu;;[NObN]
Swede;;maybe 9;:1851+;Ventrue;;[PoC]
Keegan;;7;;Gangrel;Anthius (1872);[CbN2,p89]
Lodin;;7;:1852+1993;Ventrue;"Drummond (1865)
Ballard (1881)
Neally (1896)
Tommy Hinds (1906)
Capone (1941)
Peterson (1978)
Schumpeter (1981)
Jackson (1984)
Weatherbottom (1984)
Riggs
Brennon Thornhill (1985)
Lorraine Matthews (1987)";[CbN1] [CbN2] [GttC]
Baldric the Dogsbody;;8;;Malkavian;Lord Adolph Nonesuch (1872);[TC4,p32]
Catherine Esposito;;8;;Lasombra;Dr. Julius Sutphen (1872);[NoP]
Joaquin Murietta;;6;1830:1853;Toreador;;[LAbN,pp20,85]
Dutch;;9;:1853;Brujah;;[NObN]
Ghanat;;7;;Nosferatu;Echo (1875);[KmW,p97]
Montelaine;;maybe 8;1877;Tremere;;[PoC]
Theo Bell;;9;:1857;Brujah;;[CotN] [CN-Br] [CN-V] [CN-An] [NoP] [BC3]
Dugan;;maybe 10;1877;Brujah;;[PoC]
Count Luigi Visconti;;8;;Brujah;Countess Andrea Visconti (1878);[LAbN]
Sir Henry Johnson;;10;1825:1858+1993;Toreador;;[CbN1] [VtM2]
Hausen;;7;;Toreador;Lucina (1879);[MibN]
Jayakumar;;8;;Ravnos;"Dr. Lawrence Mayhew (1879)
Anjelika Underwood (1975)";
Thelonious;;8;:1859;Brujah;;[NecA] [BC] [CN-Tz]
Margaret;;maybe 9;:1859+;Ventrue;;[PoC]
Corrie Tinbergen;;7;1836:1860;Brujah;;[WoD2]
Harold Goodston aka. Pariah;;8;1828:1860;Ventrue;;[CotN] [UBRM,p60-61]
Bernardo del Gado;;6;+;Assamite;"Joe ""Boot"" Hill (1881)";[CF,p55]
Dr. Harry Hirsch;;8;;Malkavian;Scott Levin (1881);[DCbN]
Sir Andrew McCardle;;8;;Ventrue;Edward Vignes (1882);[LAbN]
Eleanor Hodge;;7;:1864+june 1999;Ventrue;Benjamin (1964);[NecA] [BC] [CN-Tz] [CN-M]
Edgar Drummond;;8;1831:1865+1993;Ventrue;;[CbN1] [CbN2]
Thomas Ewell (The Sheriff, Balthazar);;8;1827:1865;Brujah;"Marc Levesque (1870)
Jimmy Holcomb - Neon (1992)";[CbN1] [CbN2]
Roger;;9;:1865;Nosferatu;;[NObN]
J. Benison Hodge;;7;:1866+1999;Malkavian;Roger Greene (1973);[NecA] [TC4] [BC] [CN-Tz] [CN-M]
Dr. Edward Walker;;8;:1866;Ventrue;;[DCbN]
Marcel Guilbeau;;8;:1866;Ventrue;"Christopher (1985)
Anthony (1986)";[NObN]
Anastasz Di Zagreb;;9;:1867;Tremere;;[CotN,p48] [GttC] [NoP] [BM]
Badr-al-Budur;;9;1842:1867;Assamite;;[MibN]
Rosario Giovanni;;9;;Giovanni;Salvatore Giovanni (1887);[NoP]
Don Sebastian;;7;~1800:1870+23 dec 1944;Toreador;Victor Girard (1932);[LAbN,pp21,82] [GttC]
Mishka;;maybe 7;~1830;Tremere;;[IE1]
Marc Levesque - Frenchie;;9;:1870+1993;Brujah;;[CbN1] [UBRM]
Heavy G;;11;age 28:1870;Brujah;Traci (1990);[VtM-R, non-licence character]
Martin;;9;:1871;Nosferatu;;[NObN]
Anthius (Dread);;8;1845:1872;Gangrel;Natalie;[CbN2,p89]
Ferdinand;;8;+;Brujah;Salvador Garcia (1892);[web]
Morel;;8;+;Malkavian;Antoine (1892);[BHDB]
Dr. Julius Sutphen;;9;:1872;Lasombra;;[NoP]
Lord Adolph Nonesuch;;9;1830:1872;Malkavian;;[TC4,p32]
Mark;;9;:1872;Blood-Brother;;[CotN]
Cyrano;;maybe 8;1906;Tremere;Honerius (~1894);[PoC]
Iain MacLaren;;9;:1874;Ventrue;;[WoD2]
Echo;;8;1853:1875;Nosferatu;"Hut (~1980)
Thackery (1984)";[KmW]
Jared;;8;;Gangrel;Roxy (1895);[NObN]
Miranda;;9;:1875;Toreador;;[WoD2]
Antonio Giovanni;;10;:1875;Giovanni;;[GC4]
Marguerite Defallier;;8;1839:1876;Toreador;"Bran (1920)
Pablo (1945)";[Alternate New Orleans]
Countess Andrea Visconti;;9;1852:1878;Brujah;;[LAbN]
Lucina;;8;:1879;Toreador;;[MibN]
Dominique Santo Paulo;;9;;Toreador;Mercy (1899);[NoP]
Dr. Lawrence Mayhew;;9;:1879;Ravnos;Johann Matheson (1971);
Endymion;;5;;Toreador;Oscar Wilde (1900);[WoD1,p133]
Fenton;;6;:1880;Gangrel;;[Cb-Ga,p14]
Rosa Martinez;;6;1852:1880;Toreador;;[CF]
"Joe ""Boot"" Hill";;7;1854:1881;Assamite;;[CF,p55] [TTM]
Horatio Ballard;;8;1832:1881;Ventrue;"Lawrence Ballard (1939)
Alan Sovereign (1959)";[CbN1] [CbN2,p124-126] [GttC] [GttS]
Scott Levin;;9;:1881;Malkavian;Cassie - Olivia Debray (1929);[DCbN]
Maxwell Ldescu;;7;~1400:1882;Tremere;Heinrich Himmler (1945);[BbN,p58] [BC]
Edward Vignes;;9;1820:1882;Ventrue;"Vera Vignes (1882)
Henry Waters (1894)";[LAbN]
Vera Vignes;;10;1822:1882;Ventrue;;[LAbN]
Benoir;;10;;Gangrel;Laura (1903);[NObN]
Clive Cooper;;8;:1884;Nosferatu;;[HK]
Leland Stanford Jr.;;maybe 9;:1884;Ventrue;;[PoC]
Tamoszius Kuszleika;;9;1848:1885+1993;Toreador;Kathy Glens (1971);[CbN1] [CbN2]
Kwon;;probably Gaki;1906;KOE;;[PoC]
Salvatore Giovanni;;10;:1887;Giovanni;;[NoP]
Irving Boldger;;8;;Ventrue;Jochen Van Nuys (1908);[NoP]
Doyle Fincher;;7;1854:1889;Gangrel;Rosa Hernandez (1974);[CbN2,pp86-87]
Elzbieta Jurofsky;;7;1860:1889+1993;Nosferatu;;[CbN1]
Tobias Smith;;7;:1889;Lasombra;;[MobN] [NoP]
;;7;;Toreador;Suzanne Kadim (1910);[WoD2]
Ralf Keller;;7;;Gangrel;Daryl Lutz (1910);[BbN,p47]
Alix de Chantraine;;8;:end 19th century;Tremere;;[web]
Anna Schelling;;8;:end 19th century;Ventrue;;[web]
Marc-Antoine;;8;:end 19th century;Toreador;;[web]
Buzzsaw Jim;;9;:~1890;Tzimisce;;[UBRM,p89]
Virgil;;9;:1890;Toreador;Corrinda (~1993);[WoD1,p132] [BW] [PoC]
Absinthe;;10;:end 19th century;Malkavian;;[web]
Julietta Putanesca;;8;;Giovanni;Shlomo Rothstein (1911);[NoP]
Therèse Maurier;;8;;Ventrue;João Bilé (1911);[CbR-V]
Sennuwy;;10;:1891;Ravnos;;[NoP]
Antoine;;9;:1892;Malkavian;;[BHDB]
Salvador Garcia;;9;1869:1892;Brujah;"Valeria (1937)
Carlyle (1969, 8th gen.)
Gloria Martinez (1972)
Allison Maller (1985)";[AC,pp10-17,81] [CbN2,pp75,77] [LAbN,pp25,65,68] [NoP] [BC2]
Jason Newberry - Son;;8;1877:1893;Malkavian;"Raymond Falcon (1980)
Lateland";[CbN1] [UBRM] [CbN2]
Honerius;;maybe 9;:~1894;Tremere;;[PoC] [BW]
Louis Margali;;9;1914;Brujah;"Le Clair (1914)
Jean Paul (1914)
Baptiste (1914)";[RD1]
Henry Waters;;10;1862:1894;Ventrue;;[LAbN]
Trimeggian;;6;;Malkavian;Dr. Douglas Netchurch (1915);[GFA] [CbR-M]
Roxy;;9;:1895;Gangrel;;[NObN]
Louis Pasteur (Jacob Prestor);;12;:1895;?;;[AH]
Edward Neally;;8;1863:1896;Ventrue;;[CbN1] [CbN2,p135-136]
Marie Richaud;;maybe 9;1916;Toreador;;[PoC]
Tracy Graves - Erichtho;;7;1875:1897;Tremere;;[CbN1] [CbN2,p120]
Darvlanov;;8;;Nosferatu;Raputin (1917);[BbN]
Jefferson Foster;;9;1866:1897;Ventrue;;[PG2,p133] [BB]
Kyoko Shinsegawa;;10;:1897;Tremere;;[CotN]
Dawn Cavanaugh;;8;1882:1898;Setite;;[LAbN,p93]
Mercy;;10;:1899;Toreador;;[CotN] [NoP]
Vashtai;;maybe 5;+~1920;Toreador;Nakshidil;[WoD2]
"Oscar Wilde ""Sebastian Melmoth""";;6;1854:1900;Toreador;;[WoD1,p133]
Laurent de Gueldre;;7;;Ventrue;Philippe (~1920);[web]
Faye Sharpless;;10;:1900;Malkavian;;[CbR-M]
Ruud Retief;;?;:~1900;Ventrue;;[Cb-V]
Lorena;;7;+1921?;Toreador;Tex R.Cainen (Carson Longbaugh);[WoD1,p134]
Greta Englebert;;9;;Brujah;Jan Arathi (1921);[WoD2]
Tristan;;8;:1902+1924;Toreador;Katherine (1912);[Alternate New Orleans]
Katherine;;9;1881:1902;Toreador;;[Alternate New Orleans]
Martiné;;9;;Brujah;Jake Almerson (1922);[NObN]
Professor Gregory Habersohn;;10;1841:1902;Brujah;;[LAbN]
Jason;;7;:1903;Malkavian;;[MibN]
Laura;;11;:1903;Gangrel;;[NObN]
Edward Blount;;9;;Toreador;"Edith Blount (1924)
Enid Blount (1924)";[LAbN]
Tommy;;?-7;+;Nosferatu;Cedrick Calhoun (1925);[CbN2,p108]
Villeneuve;;8;:~1905 (beginning 20th);Ventrue;Roche (~1930);[web]
Ghivran Dalaal;;9;:1905 ?;Ravnos;Sennuwy (1891);[CotN] [NoP]
Paulov Rasporavitch;;10;:1905;Nosferatu;Rolf (1944);[SC]
Virginia;;7;;Nosferatu;Nathaniel Bordruff (1926);[CbN2,p106]
Tommy Hinds;;8;1850:1906+1993;Ventrue;;[CbN1] [CbN2]
Red Meg;;6;;Brujah;Leslie Taylor (1927);[RaAu]
Hannigan;;9;:1907;Tremere;;[UBRM,p88]
Pietr;;12-9;1880:1907;Brujah;;[ADM]
Jochen Van Nuys;;9;:1908;Ventrue;;[NoP]
Lin Jun;;maybe 9;:1909;Toreador;;[WoD1,p92]
Michaellis;;5;+1930s;Ventrue;;[CotN,p49] [Cb-V] [KmW]
Achadramenos;;6;+;Malkavian;Crowley (1930);[WoD1,p37]
Jurgis Rudkus;;7;1877:1910+1993;Nosferatu;;[CbN1]
Daryl Lutz;;8;:1910;Gangrel;;[BbN] [BC3]
Phillipe Navital;;8;;Ventrue;Mariel St. John (1930);[LAbN]
Suzanne Kadim;;8;:1910;Toreador;;[WoD2]
Catherine Du Bois;;10;1883:1910;Ventrue;;[LAbN]
Isabella Correlli;;6;;Brujah;Dieter Kotlar (1931);[BbN,p44,84]
João Bilé;;9;:1911;Ventrue;"Robin Withers (1976)
Michael Brandeis (1989)
Margarida Cordeiro (1993)";[CbR-V]
Shlomo Rothstein;;9;:1911;Giovanni;;[NoP]
Aisling Sturbridge;;10;:1911;Tremere;;[CotN] [CN-Tr] [CN-An] [WoD2] [CN-Br]
Francesco Giovanni;;7;;Giovanni;Lupo Giovanni (1932);[WoD2]
Reverend Mitchell;;8;:1912+1967;Gangrel;"Charles ""Charlie"" Harrison (1962)";[Alternate New Orleans]
Kurt Densch;;8-7;1870:1913;Nosferatu;;[DC,p54]
"Joshua Tarnopolski ""Blackjack""";;8;1870:1913;Brujah;Neil Graham - Karl (1932);[CbN1]
Anji;;7;;Assamite;Hafsa (1934);[BHDB,p13]
Jean Paul;;10-7;:1914+1994;Brujah;;[RD1] [RD2]
Le Clair;;10-7;:1914+1994;Brujah;;[RD1] [RD2]
Ambrose Bierce;;8;:~1914?;Toreador;Virgil (1890);[WoD1] [BW] [PoC]
Baptiste;;10-8;:1914+1994;Brujah;;[RD1] [RD2]
Sondra;;9;;Toreador;Barth (1934);[MibN]
Melissa;;10;:1914;Gangrel;;[DCbN]
Christanius Lionel;;7;:1915;Nosferatu;;[MobN] [NoP]
Dr. Douglas Netchurch;;7;:1915;Malkavian;Dr. Nancy Reage;[GFA] [ToTB] [NoP] [CbR-M]
Salondra;;9;;Ventrue;Randel (1935);[BHDB]
Tex R. Cainen - Carson Longbaugth;;8;1880:1916;Toreador;Alice Babylon;[WoD1] [BW] [PoC]
Dezi;;9;1993;Brujah;Isis (1936);[CbN1] [UBRM] [Alternate New Orleans]
Anka;;10;:1916;Ravnos;;[CotN]
Mata Hari (aka Margaretha Geertruida Zelle);;?;1876;Assamite;;[CbR-As]
Rasputin;;9;:1917;Nosferatu;Amelia (1918);[BbN]
Maximum Sun;;?;:1917;KOE;;[NoP]
Jack Weston;;8;;Tremere;Helena Taylor (1938);[DCbN]
Amelia;;10;:1918;Nosferatu;Wolfgang (1990);[BbN]
Ted Zyncan;;11;;Toreador;Edge (1938);[SC]
Mbogo Biashara;;6;age 35:1919;Gangrel;;[WoD2]
Angelique Stravinsky;;11;:1919;Toreador;;[DCbN]
Philippe;;8;:~1920;Ventrue;;[web]
Abraham Garcia aka. Bran;;9;1894:1920;Toreador;;[Alternate New Orleans]
Alexia;;10;:~1920;Toreador;;[web]
Johnston Foley;;11;age 45:1920+;Tremere;;[CN-Ga] [CN-Tr] [VtM-R, licence character - vague]
Jan Arathi;;10-9;:1921;Brujah;;[WoD2]
Camille T'sien;;7;:1922;Ventrue;;[HK]
Leonid Barofsky;;9;;Brujah;Dr. Takuya Shiraiwa (1942);[LAbN]
Quetzal;;9;;Nosferatu;Tock (1942);[NoP]
Jake Almerson;;10;:1922;Brujah;Tom Weaver (1953);[LAbN] [NObN]
;;?;;Tzimisce;Dietrich (1942);[CbR-Tz]
Julius Abrogard;;9;;Malkavian;Dawn Nakada (1943);[CbR-M]
Piedro Costanza;;11;;Brujah;Tonio Borrelli (1943);[BbN]
Siegfried;;6;1980;Brujah;Andrei (1944);[CbN2,p76]
Vladislav;;8;;Ravnos;Shejana (1944);[CbN2]
Thaddeus;;9;;Malkavian;Persia (1944);[BbN]
Edith Blount;;10;1881:1924;Toreador;;[LAbN]
Enid Blount;;10;1881:1924;Toreador;;[LAbN]
Marciana Giovanni;;11;:1924;Giovanni;;[CotN]
Cedrick Calhoun;;8;1902:1925;Nosferatu;;[CbN2]
Nathaniel Bordruff;;8;1891:1926;Nosferatu;Elucid;[CbN2]
Jacopo;;9;;Ravnos;Irena (1946);[LAbN]
Ehrich Weiss (Harry Houdini);;11;1874:1926;Tremere;;[SC]
"Leslie ""Squizzy"" Taylor";;7;1888:1927;Brujah;;[RaAu] [WoD2]
Antoinette;;8;;Toreador;Hans Vroenik (1947);[BbN] [BC]
Leslie Boothe;;8;:1927;Toreador;Leslie Wilkes (1972);[AH]
Johann;;9;;Toreador;Thomas de Lutrius (1947);[BbN,p34]
Amethyst;;10;1911:1928;?;Rose (1982);[LAbN]
Sharon Payne;;7;:1929+1992;Toreador;Michael Payne (1929);[CbN1] [CbN2,p116]
Michael Payne;;8;:1929+1993;Toreador;Deforest;[Cb-Br] [Cb-To] [CbN2]
Amos;;9;:1929;Nosferatu;George Lawrence (1985);[DCbN]
Cassie - Olivia Debray;;10;:1929;Malkavian;;[DCbN]
Silvana Gardini;;11;1909:1929;Toreador;;[HoD]
Aleister Crowley;;7-6;1875:1930;Malkavian;Henry Jekyll/Edward Hyde;[WoD1,p37] [WoD2] [BbN,p49]
Duke Traska;;8;;Tremere;Victor (1950);[MibN]
George Frederick;;8;;Samedi;Lithrac (1950);[CotN]
Derek Rothery;;9;1995;Brujah;Angelique Cormier (1950);[WoD2]
Mariel St. John;;9;1903:1930;Ventrue;;[LAbN]
Roche;;9;:~1930;Ventrue;;[web]
Paul DiCarlo;;12;:1930;Giovanni;;[GC4]
Dieter Kotlar - Kreiger;;7;1912:1931;Brujah;Erika Geiger (1969);[BbN,p44] [BC2]
Ilyana Ravidovich;;10;:1931;Ventrue;;[CotN]
Rogerio Giovanni;;11;;Giovanni;Cristoforo Giovanni (1951);[HoD]
Zev Benzion;;?;1951;Assamite;;[CbR-As]
Lupo Giovanni;;8;1885:1932;Giovanni;;[WoD2] [Cb-Gi]
Victor Girard;;8;1900:1932;Toreador;;[LAbN]
Anne Hyatt;;9;;Toreador;Chas Voyager (1952);[DCbN]
Neil Graham - Karl;;9;:1932+1993;Brujah;Hank Cave (1964);[CbN1] [UBRM]
Gino Manitelli;;11;:1932;Ventrue;;[DCbN]
Hafsa;;8;:1934;Assamite;;[BHDB,p13]
Skinny Danifa;;9;;Tzimisce;Zaljko Petrescu (1954);[CbR-Tz]
Barth;;10;:1934;Toreador;;[MibN]
Mikki;;10;;Gangrel;C.J. (1954);[Cb-Ga]
Frantz V;;10;:~1935;Brujah;;[web]
Randel;;10;:1935;Ventrue;;[BHDB]
Count Rigatoni;;10;;Malkavian;Bela (1956);[LAbN]
Isis;;11;1913:1936;Brujah;Horus (1962);[Alternate New Orleans]
Garwood Marshall;;8;:1937+1993;Tremere;;[CbN2]
Micah Hossa;;8;;Tzimisce;The Rose (1957);[NoP]
Valeria;;10;:1937;Brujah;;[web]
Cesar Giovanni;;11;;Giovanni;Carlita Giovanni (1957);[NoP]
Allicia;;8;:1938;Toreador;;[VtM2]
Helena Taylor;;9;1917:1938;Tremere;"Cohn Rose (1974)
Pieter Van Dorn (1975)";[DCbN,pp71-72]
Edge;;12;1915:1938;Toreador;Stephanie (1988);[SC]
Lars Thorwald;;9;;Gangrel;Ma'ia (1959);[WoD1] [IE2]
Lawrence Ballard;;9;1900:1939+1993;Ventrue;David Geduld (1952);[CbN1] [CbN2] [LAbN]
Hans Schmidt;;11;:1940;Tremere;;[DCbN]
Dokor Tötentanz;;?;1900s:1940s;Tzimisce;;[Cb-Tz]
Capone;;8;1891:1941;Ventrue;"Frank Gaughan (1952)
Pham Hong (1978)";[CbN1] [CbN2,p127-128]
Count Zaroff;;10;:1941;?;;[WoD1]
Dr. Takuya Shiraiwa;;10;1919:1942;Brujah;;[LAbN]
Leila Monroe;;10;:1942;Lasombra;;[PGS] [CotN]
Mary Blake - Mad Chainsaw Momma;;10;;Malkavian;Beauregard (1962);[BbN]
Tock;;10;:1942;Nosferatu;;[NoP]
Ianka;;12;:1942;Brujah;;[web]
Dietrich;;?;:1942;Tzimisce;;[CbR-Tz]
Abraham DuSable;;7;1883:1943;Tremere;"Garwood Marshall (1937)
Elliot
Maldavis (1980)";[CbN1] [CbN2,p119]
Anntoinette Larusche;;8;:1943;Toreador;Hans Vroenik (1947);[BbN]
Tarantine;;8;;Lasombra;Mohammed al-Muthlim (1963);[LAbN]
Dawn Nakada;;10;:1943;Malkavian;;[CbR-M]
Jonathan Lang;;12;;Gangrel;Sarah Raines (1963);[DC]
Tonio Borrelli;;12;:1943;Brujah;;[BbN]
Fun Toy;;?;:1943;KOE;;[NoP]
Dylan;;6;1920:1944;Ventrue;;[KmW,pp45-49]
Andrei;;7;1920:1944;Brujah;;[CbN2,p76]
Cicatriz;;9;:1944;Nosferatu;;[CotN] [GttS]
Shejana;;9;1924:1944;Ravnos;;[CbN2]
Persia;;10;:1944;Malkavian;;[BbN]
Sheaffer;;10;1910:1944+;Malkavian;;[ADM]
Tully Jones;;10;1915:1944;Brujah;;[SHS]
Rolf;;11;1917:1944;Nosferatu;Darva Felispa (1964);[SC]
Darva Felispa;;12;1938:1944;Nosferatu;;[SC]
Henry Jekyll/Edward Hyde;;7;1965;Malkavian;Ozzy (1965);[BbN,p49] [BC1]
Heinrich Himmler;;8;:1945;Tremere;;[BbN] [BC1]
Pablo;;9;:1945+1972;Toreador;Scheherazade (1963);[Alternate New Orleans]
Preacher;;10;;Malkavian;Skin (1965);[NoP]
Hermann Goring;;8;:1946;Malkavian;;[BbN]
Irena;;10;1917:1946;Ravnos;;[LAbN]
George Robinson;;maybe 7;1967;Brujah;;[WoD1,p95]
Hans Vroenik;;9;:1947;Toreador;;[BbN]
Thomas de Lutrius;;10;:1947;Toreador;;[BbN] [BC]
Angelino Hammer;;8;:1948;Brujah;;[BbN]
Lord Ashton;;10;;Gangrel;Dr. Raoul King (1968);[Cb-Ga]
Ethrica;;11;;Brujah;Gengis(1968);[CbN2]
Max Lowell;;12;:1948;Gangrel;;[GC4]
Peter Walenski;;7;1937:1950+1993;Nosferatu;;[CbN1]
Tammy Walenski;;7;1938:1950;Nosferatu;;[CbN1] [CbN2,p105]
Anastasius the Axe;;8;;Assamite;Janni (1970);[CbR-As]
Juggler;;8;:~1950;Brujah;Evelyn Stephens (1990);[VtM2,p248]
Lithrac;;9;:1950;Samedi;;[CotN] [NoP]
O'Meara;;9;;Tremere;Frank Weisshandel (1970);[BHDB]
Victor;;9;:1950;Tremere;;[MibN]
Angelique Cormier;;10;:early 50s;Brujah;;[WoD2]
Burton Brooks;;10;early 1900s:~1950;Toreador;;[BN,p3]
Raymond;;10;:1950;?;;[NObN]
Mourning Ivan;;11;;Malkavian;Lizzie (1970);[CbR-M]
Wendy;;10;;Gangrel;Thomas Gerhieren (1971);[MibN]
Cristoforo Giovanni;;12;:1951;Giovanni;;[HoD]
Monkey Trip Wu;;?;:1951;KOE;;[NoP]
Isabella Balboa Garcia Mendes;;8;1930:~1952;Ventrue;;[BN,p3-4]
Frank Gaughan - Nina;;9;1911:1952+1993;Ventrue;;[CbN1] [CbN2]
Chas Voyager;;10;:1952;Toreador;Rachel Evans (1983);[DCbN]
David Geduld;;10;1923:1952;Ventrue;;[LAbN]
Earl;;11;:1952;Ventrue;;[AH]
Manon;;7;~1935:1953;Setite;;[NObN,p81]
Alexi Darba;;8;1973;?;;[Pariah]
Rhys Dunsirn;;11;;Giovanni;Seamus Dunsirn (1973);[NoP]
Tom Weaver;;11;1930:1953;Brujah;;[LAbN]
Cassady;;6;;Brujah;Perry Commons (1974);[IE1]
Randy Zelley (Ramrod);;8;1930:1954;Gangrel;Jackie Goodman (1965);[CbN2]
Goo Loo Boo;;10;;Setite;Marcel (1974);[CbN2]
Zaljko Petrescu;;10;:1954;Tzimisce;"Ashanti Beachum
America Johnson (1999)";[CbR-Tz]
C.J.;;11;:1954;Gangrel;;[Cb-Ga]
Tommy Pallazo;;maybe 9;1975;Ventrue;;[PoC]
Misty Halls;;?;1975;Setite;;[PoC]
Bela;;11;1882:1956;Malkavian;;[LAbN]
Elmer Polanski;;7;1907:~1957;Nosferatu;;[BN,p5]
Carolina Valez;;8;:1957;Lasombra;;[MobN] [NoP]
Valerie;;8;1993;?;Dickie (1977);[CbN1] [UBRM]
The Rose;;9;:1957;Tzimisce;;[MobN] [NoP]
MonCheri;;10;1993;Malkavian;Milo (1977);[CbN1] [UBRM]
Carlita Giovanni;;12;:1957;Giovanni;;[NoP]
Bach;;10;1931:1958;?;;[BB]
Alan Sovereign;;9;1903:1959;Ventrue;;[CbN2,p126-127] [PG2,p125]
Jason Milliner;;9;:1959;Giovanni;;[GC4]
Ma'ia;;10;~1940:1959;Gangrel;;[IE2]
Domenic Giovanni;;11;:1959;Giovanni;;[GC4]
Friedrich Kraus;;maybe 7;+probably ~1980;Brujah;;[BbN,p19]
Johann Weltmann;;7;:1960;Malkavian;;[CbN1]
Angela Preston;;9;;Daughter;Delilah Monroe (1981);[CF,p59]
Alu;;12;;Assamite;Basir (1981);[BHDB]
Damien;;6;1948:1962;Brujah;;[CbN1] [CbN2,p73]
Stephen Bateson;;8;:1962;Tzimisce;;[HK]
"Charles ""Charlie"" Harrison";;9;1930:1962;Gangrel;;[Alternate New Orleans]
Beauregard Krueller;;11;:1962;Malkavian;;[BbN]
Horus;;12;:1962;Brujah;;[Alternate New Orleans]
Han Hui;;?;:1962;KOE;;[NoP]
Montague Lytton;;8;1983;Toreador;Miranda (1875, oldest childe);[WoD2] [RaAu]
Donny;;9;1993;?;Jasper Krevets (1983);[CbN1] [UBRM]
Mohammed al-Muthlim;;9;1937:1963;Lasombra;"Henry Taylor (1978)
Francesca";[LAbN] [BC]
Scheherazade (Sherrie);;10;1942:1963;Toreador;"Annachie (1964)
David (1981)";[Alternate New Orleans]
Count;;12;:1963;Brujah;;[AH]
Sarah Raines;;13;:1963;Gangrel;;[DC]
Benjamin;;8;:1964;Ventrue;;[NecA] [BC]
Breton;;9;;Brujah;Claudette Malfet (1984);[web]
Licero;;9;;Malkavian;Fabrizia Contreraz (1984);[CbR-M]
Molita;;9;;Lasombra;Cameron (1984);[CbN2]
Tommy Walker;;9;:1964;Nosferatu;;[CbN1]
Hank Cave;;10;:1964+1993;Brujah;"Theodore Dooley (1968)
Sunbean";[CbN1] [UBRM]
Torrence;;10;1993;Toreador;Victoria Longwood (1984);[CbN1] [UBRM]
Annachie;;11;:1964+1966;Toreador;;[Alternate New Orleans]
Oswald Hyde - White - Ozzy;;8-7;1940:1965;Malkavian;;[BbN,p49]
Jackie Goodman;;9;:1965+1993;Gangrel;;[CbN1] [UBRM]
The Devil Boudreaux;;9;+~1985;Brujah;Fairuza (1985);[TC4,p85]
Pat Pushnig;;10;;Toreador;Julia Cammeron (1985);[NObN]
Steve Booth;;10;1942:1965;Brujah;;[LAbN]
Susan;;10;1993;?;Raymond Wallace (1985);[CbN1] [UBRM]
Dr. Stephen Norton;;11;:1965;Malkavian;;[DCbN]
Skin;;11;:1965;Malkavian;;[MobN] [NoP]
Angelo;;8;1948:1966+;Blood-Brother;;[KmW,pp15-18] [NoP]
Carl;;11;;Tzimisce;Wendy Wade (1986);[CbN2]
Procet;;6;1987;Brujah;;[CbN2,pp24,68]
Jude Franken;;10;:1967;Brujah;;[DC]
Lucretia Giovanni;;10;;Giovanni;Dr. Oliver Genet (1987);[CbN2]
Shawnda Dirrot;;12;1945:1967;Brujah;;[RaNY] [Cb-To] [RD1]
Ilse Bänsh;;6;;Brujah;Stefan Rutigar (1988);[BbN,p46]
Wrecker;;9;:1968;Brujah;;[MibN]
Charles;;10;;Tzimisce;Lolita Houston (1988);[CbN2]
Sasha;;10;;Ravnos;Devyn (1988);[KmW]
Dr. Raoul King;;11;:1968;Gangrel;;[Cb-Ga]
Theodore Dooley - Daddy D;;11;1938:1968+1993;Brujah;Anita Wainwright (1968);[CbN1] [UBRM]
Anita Wainwright;;12;1941:1968;Brujah;;[CbN1] [UBRM] [CbN2]
Gengis;;12;1944:1968;Brujah;Turk (1975);[CbN1] [UBRM] [CbN2]
Carlyle;;8;1942:1969;Brujah;;[CbN2]
Erika Geiger;;8;:1969;Brujah;;[BbN]
Demian;;12;;Gangrel;Bill Butler (1989);[CbN2]
Jerry;;12;;Ventrue;Samson (1989);[CbN2]
Monica Black;;6;1943:1970;Lasombra;Cynthia Black (1973);[DCbN,p87]
Paula Smith;;8;:1970+1993;Malkavian;;[CbN1] [UBRM]
Janni;;9;1947:1970;Assamite;;[Cb-As,p64] [CbR-As]
Michael;;9;:1970;Malkavian;;[VtM2]
Frank Weisshandel;;10;:1970;Tremere;;[BHDB]
R.J.;;10;late 1930s:~1970;Gangrel;;[BN,p4-5]
Thrasher;;11;;Brujah;"Walter Gaspars (1990)
Millie Gaspars (1990)";[LAbN]
Dr. Jeffrey Granger;;12;:1970;Malkavian;;[DCbN]
Lizzie, aka Elizabeth Ann Morrow;;12;:1970;Malkavian;Garcia (1997);[CbR-M]
Smith;;12;;?;Margarite (1990);[CbN2]
Jessica Morrow - Cashmere;;8;;Ventrue;Nichole (1991);[BbN]
Harlan Graves;;10;;Daughter;Celeste (1991);[NoP]
Johann Matheson;;10;:1971;Ravnos;"Marion French (1987)
Gwendolyn Brand (1999)";
Kathy Glens;;10;1953:1971;Toreador;;[CbN2]
Thomas Gerhieren;;11;:1971;Gangrel;;[MibN]
Enrique Salazar;;?;1991;Assamite;;[CbR-As]
Justicar Thracs;;maybe 7;1992;?;;[MibN]
Bardto Cermak;;9;;Tzimisce;Illyana Dmitju (1992);[BbN]
Harry;;9;1992;Blood-Brother;;[UBRM]
Indigo;;9;;Nosferatu;Frank Litzpar (1992);[BbN]
Leslie Wilkes;;9;:1972;Toreador;;[AH]
Smashface;;9;age 17:1972;Nosferatu;;[VtM-R, non-licence character]
Gloria Martinez;;10;1951:1972;Brujah;;[LAbN]
Gordon Keaton;;10;:1972;?;;[CbN1]
Bothwell;;12;:1972;Gangrel;;[AH]
Cal;;12;;Brujah;Ariane (1992);[LAbN]
Cynthia Black;;7;1946:1973;Lasombra;;[DCbN,p88]
Louise;;8;1993;Brujah;Dezi;[CbN1] [UBRM]
McPhee;;8;1993;Toreador;;[CbN2]
Roger Greene;;8;:1973+1998;Malkavian;;[BC1]
Teri;;8;1993;Toreador;;[CbN2]
Deforest;;9;1993;Toreador;;[CbN2]
Dr. Doc Michaels;;maybe 9;1993;Ventrue;Emily Grange;[BW]
Elucid;;9;1993;Nosferatu;;[CbN2]
Lateland;;9;1993;Malkavian;MonCheri;[CbN1] [UBRM]
Natalie;;9;1993;Gangrel;;[CbN1] [UBRM]
Red Cat;;9;1993;Gangrel;;[SHS]
Heckler;;11;;Malkavian;BloodFeud (1993);[BbN]
Hervi;;maybe 11;1993;Tremere;Kyle;[BW]
Sion;;maybe 11;1993;Tremere;;[BW]
SunBean;;11;1993;Brujah;;[CbN1] [UBRM]
Dietric;;12;1993;Gangrel;Malcolm;[CbN1] [UBRM]
Karina Dobson;;12;:1973;Ventrue;;[DCbN]
Priscilla Gibbs;;12;:1973;?;;[CbN1]
Seamus Dunsirn;;12;:1973+1999;Giovanni;;[NoP]
Feng Sha;;?;1993;KOE;;[BW]
Justine Bern;;7-5;1994;Lasombra;;[RD]
Dziemianovitch;;6;1994;Tzimisce;;[RD1]
Perry Commons;;7;late 1940s:1974;Brujah;;[IE1]
Wan Zhu;;7;:1974;Tremere;;[HK]
Don Nicko Lazzari;;8;1994;Brujah;;[RD1] [RD2]
John Thompson;;8;1994;Toreador;;[RD1]
Rosa Hernandez (Rose);;8;1953:1974;Gangrel;;[CbN2]
Uglyface;;8;1994;Nosferatu;;[RD1]
Marie;;maybe 9;1994;Toreador;;[RD2]
Cohn Rose;;10;:1974;Tremere;;[DCbN]
Debbie Sue Mauser;;maybe 10;1994;?;;[RD2]
Hanns Heinz;;maybe 10;1994;?;;[RD2]
Lopez;;maybe 10;1994;?;;[RD2]
Sha'una Teague;;maybe 10;1994;?;;[RD2]
Thomas the Angry;;10;;Salubri;Kervos (1994);[NoP]
Tyrus Benedict;;maybe 10;1994;Tremere;;[RD1]
Makish;;maybe 11;1994;Assamite;;[RD1] [RD2]
Marcel;;11;1943:1974;Setite;;[CbN2]
"""Fast Eddie"" Sanchez";;?;1994;?;;[RD1]
Tito Gagliani;;?;1994;?;;[RD2]
Grandfather;;probably Gaki;1995;KOE;"Loo
Sullivan";[PoC]
Loo;;probably Gaki;1995;KOE;;[PoC]
Anjelika Underwood;;9;:1975;Ravnos;;
Selena;;maybe 9;1995;Tremere;;[PoC] [BW]
Elena Gutierres;;10;1955:1975;Ventrue;;[LAbN]
Pieter Van Dorn;;10;:1975;Tremere;;[DCbN]
Jack Zukowski;;11;;Ravnos;Zip (1995);[NoP]
Turk;;13-12;:1975;Brujah;;[MibN]
Terranda Jackson;;13;:1975;?;;[WoD2]
Robin Withers;;10;:1976;Ventrue;;[CbR-V]
Daniel Murphy;;11;;Tzimisce;Zachary Sikorsky (1996);[CbR-Tz]
Andrew Dunsirn;;?;1996;Giovanni;;[HoD]
Guido Rafastio;;?;1996;Lasombra;;[HoD]
Richard Fulcher (Dickie);;9;1962:1977;?;;[CbN1] [CbN2]
Dahlili Mozambique aka Delores Washington aka Dolly;;10;early 1950s:~1977;Brujah;;[BN,p4]
Calvin Cleaver;;11;:1977;Gangrel;;[CotN]
Milo;;11;:1977;Malkavian;;[CbN1] [UBRM] [CbN2]
Dirty Ben;;12;;Malkavian;Cassandra Langely (1997);[NoP]
Jamal;;4;1998;Assamite;;[Cb-As,p64] [CotN,p90] [LS3,p62] [CbR-As]
Jacob the Glitch;;7;1998;Tremere;;[MobN] [NoP]
Joseph Peterson;;8;1938:1978;Ventrue;;[CbN1] [CbN2,p131]
Burn;;9;1998;Ventrue;;[TC4,p85]
Chuc Luc;;9;:1978;Ventrue;;[CbN1]
Guggenheim;;9;1998;Toreador;;[TC4,p56,85]
Pham Hong;;9;1956:1978+1993;Ventrue;;[CbN1] [CbN2]
Razor;;9;1998;Brujah;;[TC4,p85]
Rowdy;;9;1998;Brujah;;[TC4,p85]
Dinaro;;10;1998;Lasombra;;[TC4,p56,85]
Flayer;;10;1998;Tzimisce;;[TC4,p56,85]
Francesca;;10;1998;Lasombra;;[BC1]
Henry Taylor - Slash;;10;1963:1978;Lasombra;;[LAbN]
Tanner;;10;;Gangrel;Ramona (1998);[CN-Ga] [CN-R] [CN-An] [CN-Br]
Blitzkrieg;;11;1998;Gangrel;;[TC4,p85]
Candee Kaien;;11;:1978;Malkavian;Benedetto Manutius (1996);[HoD]
Cass;;11;;Ventrue;Portia (1998);[NoP]
Mole;;13;1998;Nosferatu;;[TC4,p85]
Aaron;;?;1998;?;;[BC]
Dietrich;;?;1998;Tzimisce;;[BC1]
Gisela;;?;1998;?;;[BC1]
Jolanda;;?;1998;?;;[BC]
The Del'Roh;;maybe 5;1999;Ventrue;;[DSBH] [VSH]
El Greco;;maybe 6;1999;Toreador;;[BC]
Alexander Garlotte;;maybe 7;1999;Ventrue;"Fin
Katrina
Isaac";[CN-V] [CN-Tz] [CN-Tr] [CN-Br]
Don Ibrahim;;maybe 7;+1999?;Lasombra;;[CN-As]
Montrovant;;maybe 7;1999;Lasombra;"Le Duc
Agnes";[GCov] [BC3]
Caldwell;;maybe 8;1999;Tzimisce;;[CN-Tz]
Parmenides;;maybe 8;1999;Assamite;;[CN-Tz] [CN-As] [CN-Br]
Sebastian;;maybe 8;1999;Lasombra;;[CN-Tz] [CN-M]
Nicholas;;maybe 10;1999;Gangrel;;[BC]
;;?;1999;?;;[CN-Br]
;;?;1999;Daughter;;[BC1]
;;?;1999;Brujah;;[BC]
Albert Bowman;;?;1999;Malkavian;;[BC1]
Andreas;;?;1999;Ravnos;;[CN-R]
Baldur;;?;1999;?;;[CN-Br]
Chas Giovanni Tello;;?;1999;Giovanni;;[CN-Gi]
Clyde;;?;1999;?;;[CN-Br]
Elford;;?;1999;Tzimisce;;[CN-Tz] [CN-M]
Eustace;;?;1999;?;;[CN-Br]
Ghose;;?;1999;Ravnos;;[CN-R]
Gregory;;?;1999;?;;[BC2]
Hardin;;?;1999;Lasombra;;[CN-Tz] [CN-Br]
Jean-Paul;;?;1999;Ventrue;;[CN-R]
Jenkins;;?;1999;?;;[CN-Br]
Mary Tinker, aka Madama Alexandria;;?;1999;Ravnos;;[CN-R]
Maurice;;?;1999;?;;[CN-Br]
Mouse;;?;1999;Nosferatu;;[CN-R]
Octavia;;?;1999;?;;[CN-Br]
Quaker;;?;1999;Malkavian;;[CN-Br]
Rebecca;;?;1999;?;;[BC2]
Reggie;;?;1999;?;;[CN-Br]
Roughneck;;?;1999;Malkavian;;[CN-Br]
The Either Thunders Master;;?;1999;KOE;;[ToTB]
Thu;;?;1999;Brujah;;[BC]
Tieh Ju, the Iron Crysanthemum;;?;1999;KOE;;[ToTB]
Wallace;;?;1999;?;;[CN-Br]
Xavier Kline;;?;1999;Brujah;;[BC]
Ben Smith;;8;:1980+1993;Malkavian;;[CbN1] [UBRM]
Carol Davis - Maldavis;;8;1955:1980;Tremere;Uriah (1982);[CbN1] [CbN2]
Derrick Stack;;9;:1980;?;;[CbN1]
Donna Cambridge;;maybe 9;:1980;Ventrue;;[BW] [PoC]
Hut;;9;:~1980;Nosferatu;;[KmW]
Raymond Falcon - Evan Klein;;9;1950:1980;Malkavian;;[CbN1] [CbN2]
Razor;;11;:1980;Malkavian;;[DCbN]
Travis Fett;;13;:1980;Brujah;;[CbN1]
Leopold;;?;2000;Tremere;;[CN-N]
Mosely;;?;:around 1980;Tremere;;[BM]
Nicolai;;?;2000;Tremere;Leopold;[CN-N]
Sophia Ayes;;7;:1981+1992;Toreador;Teri;[CbN1] [CbN2,p116]
Jacob Schumpeter;;8;1939:1981;Ventrue;;[CbN1] [CbN2,p128-129]
Delilah Monroe;;10;1962:1981;Daughter;;[CF,p59]
David;;11;1957:1981;Toreador;;[Alternate New Orleans]
Basir;;13;:1981;Assamite;;[BHDB]
Uriah;;9;1960:1982+1993;Tremere;;[CbN1] [UBRM]
Pamela Ford;;11;1957:1982;Lasombra;;[SHS]
Rose;;11;1967:1982;?;Marc Perleman (1991);[LAbN]
Bret Stryker;;7;1961:1983;Toreador;;[CbN1] [CbN2,p114]
Jasper Krevets;;10;1960:1983;?;;[CbN1] [UBRM] [CbN2]
Rachel Evans;;11;:1983;Toreador;;[DCbN]
Bobby WeatherBotton - Hurricane;;8;1963:1984;Ventrue;;[CbN1] [CbN2,p132-133]
Kevin Jackson;;8;1964:1984;Ventrue;"XX Jackson
two others";[CbN1] [CbN2,p130]
Thackery;;9;1929:1984;Nosferatu;;[KmW]
Cameron;;10;1952:1984;Lasombra;;[CbN2]
Claudette Malfet;;10;1967:1984;Brujah;;[web]
Fabrizia Contreraz;;10;:1984;Malkavian;;[CotN] [GttS] [CbR-M]
Joseph Fuller;;11;:1984;Gangrel;;[DCbN]
Philip Freeman;;11;:1984;Brujah;;[DCbN]
Victoria Longwood;;11;1962:1984;Toreador;;[CbN1] [CbN2]
Brennon Thornhill;;8;1950:1985+1993;Ventrue;;[CbN1] [CbN2]
Karen Nauve;;8;:1985;Toreador;;[AH]
Kristian;;8;:1985;Nosferatu;Mort Sheaffer;[MibN] [IE1]
Allison Maller;;10;1970:1985;Brujah;;[LAbN]
Fairuza;;10;1963:1985+1998;Brujah;;[TC4,p85]
George Lawrence;;10;:1985;Nosferatu;Gleen Courier (1988);[DCbN]
Julia Cammeron;;11;:1985;Toreador;Josua Cambridge (1993);[NObN]
Raymond Wallace;;11;1954:1985;?;;[CbN1] [CbN2]
Arthur Gonzales;;7;1964:1986;Gangrel;;[SC]
Anthony;;9;:1986;Ventrue;;[NObN]
Christopher;;9;:1986;Ventrue;;[NObN]
Velvet;;11;:1986;Brujah;;[DCbN]
Wendy Wade;;12;1956:1986;Tzimisce;;[CbN2]
Lorraine Matthews;;8;1966:1987;Ventrue;;[CbN1] [CbN2,p134]
Dr. Oliver Genet;;11;1939:1987;Giovanni;;[CbN2]
Kalila;;11;:1987;Malkavian;;[BHDB]
Marion French;;11;:1987;Ravnos;;
Stefan Rutigar - The fist;;7;1971:1988;Brujah;;[BbN,p46]
Toby;;10;:1988;Nosferatu;;[DCbN]
Devyn;;11 or 9;1965:1988;Ravnos;;[KmW]
Gleen Courier;;11;:1988;Nosferatu;;[DCbN]
Lolita Houston;;11;1968:1988;Tzimisce;;[CbN2]
Tabitha Prester;;12;:1988;Gangrel;;[DCbN]
Stephanie;;13;1963:1988;Toreador;;[SC]
Anastasia;;8;:1989;Nosferatu;;[MibN]
Julia Calvin;;10;:1989;Gangrel;;[MibN]
Michael Brandeis;;10;:1989;Ventrue;;[CbR-V]
Jacque Amyzial;;12;1947:1989;Setite;;[DCbN]
Bill Butler;;13;1943:1989;Gangrel;;[CbN2]
Samson;;13;1965:1989;Ventrue;;[CbN2]
Montgomery Coven (Monty);;11-6;1969:1990;Assamite;;[WoD2] [CotN]
Catherine de Vandreuil;;8;:end 20th century;Ventrue;;[web]
Raul;;8;:1990;Nosferatu;;[MibN]
Evelyn Stephens;;9;:1990;Brujah;;[VtM2]
Mort Sheaffer;;9;:1990?;Nosferatu;;[IE1]
Dre;;11;:1990s;Brujah;;[PG2]
Wolfgang;;11;:1990;Nosferatu;;[BbN]
Millie Gaspars;;12;1958:1990;Brujah;;[LAbN]
Traci;;12;age 18:1990;Brujah;;[VtM-R, non-licence character]
Walter Gaspars;;12;1956:1990;Brujah;;[LAbN]
Margarite;;13;1972:1990;?;;[CbN2]
Sergei Voshkov;;5;1923:1991;Nosferatu;;[RaR,p96] [Cb-N,p65] [NoP]
Marie D'Richet;;8;:1991;Tremere;;[NObN]
Becky;;9;1984:1991;Ventrue;;[BB]
Nichole;;9;:1991;Ventrue;;[BbN]
Celeste;;11;:1991;Daughter;;[NoP]
Emilio Gonzalez;;12;:1991;Brujah;;[DCbN]
Marc Perleman (Zipper);;12;1973:1991;?;;[LAbN]
Wayland Smith;;12;:1991;Toreador;;[DCbN]
Jimmy Holcomb - Neon;;9;:1992+1993;Brujah;;[CbN1] [UBRM]
Frank Litzpar;;10;:1992;Nosferatu;;[BbN] [BC1]
Illyana Dmitju;;10;1974:1992;Tzimisce;;[BbN]
Ariane;;13;1978:1992;Brujah;;[LAbN]
Margarida Cordeiro;;10-9;:1993;Ventrue;;[CbR-V]
Corrinda;;10;:~1993;Toreador;;[BW]
BloodFeud;;12;:1993;Malkavian;;[BbN]
Jayne Jonestown;;12;:1993;Brujah;;[CotN]
Josua Cambridge;;12;:1993;Toreador;;[NObN]
El Diablo Verde;;13;:1993;Nosferatu;;[CotN]
Kervos;;11;:1994;Salubri;;[NoP]
Zip, a.k.a. Kevin Thomas;;12;:1995;Ravnos;;[NoP]
Benedetto Manutius;;12;:1996;Malkavian;;[HoD]
Zachary Sikorsky;;12;:1996;Tzimisce;;[CbR-Tz]
Cesar Holfield;;15;:1996;?;;[CotN]
Cassandra Langely;;13;:1997;Malkavian;;[NoP]
Garcia, aka Eduardo Antenio Garcia;;13;:1997;Malkavian;;[CbR-M]
Ramona, aka. Pilar Ramona Salvador;;11;:1998;Gangrel;;[CN-Ga] [CN-R] [CN-An] [CN-Br]
Portia;;12;:1998;Ventrue;;[NoP]
Tabitha Bauer;;8;:probably 1999+1999;Ventrue;;[CN-R]
Elizabeth Dimitros;;9;:1999;Setite;;[CN-R]
America Johnson;;11;:1999;Tzimisce;;[CbR-Tz]
Gwendolyn Brand;;11;:1999;Ravnos;;
Sunshine;;12;:1999;Tzimisce;;[CbR-Tz]
Tyrone, the Zulo Loco;;13;:1999;Tzimisce;;[CbR-Tz]
